PRAGMA synchronous = OFF;
PRAGMA journal_mode = MEMORY;
BEGIN TRANSACTION;
CREATE TABLE `checklist_items` (
  `id` integer NOT NULL PRIMARY KEY AUTOINCREMENT
,  `item_name` varchar(255) NOT NULL
,  `applicable_to_tuner` integer DEFAULT NULL
,  `applicable_to_clubsprint` integer DEFAULT NULL
,  `applicable_to_open` integer DEFAULT NULL
,  `applicable_to_pro_open` integer DEFAULT NULL
,  `applicable_to_pro_am` integer DEFAULT NULL
,  `applicable_to_pro` integer DEFAULT NULL
,  `applicable_to_flying_500` integer DEFAULT NULL
,  `applicable_to_demo` integer DEFAULT NULL
,  `brand_required` integer DEFAULT NULL
,  `standard_required` integer DEFAULT NULL
,  `expiry_date_required` integer DEFAULT NULL
,  `rops_required` integer DEFAULT NULL
);
INSERT INTO `checklist_items` VALUES (1,'Bonnet/Engine Cover Secure',1,1,1,1,1,1,1,1,0,0,0,0),(2,'Vehicle Exterior',0,0,0,0,0,0,0,0,0,0,0,0),(3,'Bonnet/Engine Cover Secure',1,1,1,1,1,1,1,1,0,0,0,0),(4,'Body Work Secure',1,1,1,1,1,1,1,1,0,0,0,0),(5,'Spoilers, Skirts & Flares acceptable',1,1,1,1,1,1,1,1,0,0,0,0),(6,'Exhaust System Compliant',1,1,1,1,1,1,1,1,0,0,0,0),(7,'Tow Points ',1,1,1,1,1,1,1,1,0,0,0,0),(8,'Reverse Gear',1,1,1,1,1,1,1,1,0,0,0,0),(9,'Glass Lenses Covered',1,1,1,1,1,1,1,1,0,0,0,0),(10,'General Appearance',1,1,1,1,1,1,1,1,0,0,0,0),(11,'Brake Lights OEM Position',1,1,1,1,0,0,0,0,0,0,0,0),(12,'Brake light, Single Center min, OEM lenses to remain',0,0,0,0,1,1,0,0,0,0,0,0),(13,'Brake lights',0,0,0,0,0,0,1,1,0,0,0,0),(14,'Tailshaft strap/loop',1,1,1,1,1,1,0,0,0,0,0,0),(15,'Wheel/Tyre fitment',1,1,1,1,1,1,0,0,0,0,0,0),(16,'Tyre Condition/Fitment',0,0,0,0,0,0,1,0,0,0,0,0),(17,'Engine Bay',0,0,0,0,0,0,0,0,0,0,0,0),(18,'Fluid Leaks/Levels',1,1,1,1,1,1,1,1,0,0,0,0),(19,'Coolant Catch Tank',1,1,1,1,1,1,1,1,0,0,0,0),(20,'Oil Catch Tank - Capacity ',1,1,1,1,1,1,1,1,0,0,0,0),(21,'Engine Mounts',1,1,1,1,1,1,1,0,0,0,0,0),(22,'Strut Brace',1,1,1,1,1,1,1,0,0,0,0,0),(23,'Battery Secure',1,1,1,1,1,1,1,1,0,0,0,0),(24,'Throttle Return',1,1,1,1,1,1,1,1,0,0,0,0),(25,'Cabin',0,0,0,0,0,0,0,0,0,0,0,0),(26,'Fire Extinguisher (min 1x 900g)',1,1,0,0,1,1,1,1,0,0,1,0),(27,'Fire Bomb 2.4l Min',0,0,1,1,1,1,0,0,0,0,1,0),(28,'Safety Harness and Mounting (5/6 point with FHR',1,1,1,1,1,1,1,0,1,1,1,0),(29,'Harness/Seatbelt and mounting',0,0,0,0,0,0,0,1,1,1,1,0),(30,'Seat and Mounting',1,1,0,0,0,0,1,1,0,0,0,0),(31,'Fixed Race Seat and Mounting',0,0,1,1,0,0,0,0,0,0,0,0),(32,'Seat and Mounting 8855-1999 min',0,0,0,0,1,1,0,0,1,1,0,0),(33,'Rops / Padding If fitted',0,0,0,0,0,0,0,1,0,0,0,1),(34,'1/2 ROPS and padding',1,1,0,0,0,0,1,0,0,0,0,1),(35,'6 Point ROPS and padding',0,0,1,1,1,1,0,0,0,0,0,1),(36,'Windows/Windscreen OEM Laminated',1,1,0,0,0,0,0,0,0,0,0,0),(37,'Windscnreen Laminated',0,0,1,1,0,0,1,1,0,0,0,0),(38,'OEM Door Trims Fitted',1,1,0,0,0,0,0,0,0,0,0,0),(39,'Door Trims Fitted',0,0,1,1,1,1,0,0,0,0,0,0),(40,'Additional Equiptment Secured',1,1,1,1,1,1,1,1,0,0,0,0),(41,'Camera and equiptment Secured',1,1,1,1,1,1,1,1,0,0,0,0),(42,'Battery Isolator (Recommended)',1,1,0,0,0,0,1,1,0,0,0,0),(43,'Battery Isolator Required (INT/EXT)',0,0,1,1,1,1,0,0,0,0,0,0),(44,'Rear View Mirror (Min 2)',1,1,1,1,0,0,0,1,0,0,0,0),(45,'Rear View Mirror (Min 2) Or Camera',0,0,0,0,1,1,0,0,0,0,0,0),(46,'Flame / Liquid Proof Bulkhead',1,1,1,1,1,1,1,1,0,0,0,0),(47,'Sealed Hot Liquid Containers',1,1,1,1,1,1,1,1,0,0,0,0),(48,'Steering wheel and mounting',1,1,1,1,1,1,1,1,0,0,0,0),(49,'Brake Pedal Feel',1,1,1,1,1,1,1,1,0,0,0,0),(50,'NOS if fitted',0,0,1,1,1,1,1,0,0,0,0,0),(51,'Loose Items Removed from cabin',0,0,0,0,0,0,1,0,0,0,0,0),(52,'Apparel',0,0,0,0,0,0,0,0,0,0,0,0),(53,'Helmet (Speed event) ',0,0,0,0,0,0,0,1,1,1,0,0),(54,'Helmet (Speed event) to suit FHR',1,1,1,1,1,1,1,0,1,1,0,0),(55,'Footwear FIA 8856-2000',1,1,1,1,1,1,0,0,0,0,0,0),(56,'Gloves FIA 8856-2000',1,1,1,1,1,1,0,0,0,0,0,0),(57,'Socks FIA 8856-2000',1,1,1,1,1,1,0,0,0,0,0,0),(58,'FHR FIA 8858-2002/2010',1,1,1,1,1,1,1,0,0,0,0,0),(59,'Outerwear collars to cuffs',1,1,0,0,0,0,0,1,0,0,0,0),(60,'Overalls FIA 1986 min',0,0,1,1,1,1,0,0,0,0,0,0),(61,'Balaclava FIA 8856-2000',0,0,1,1,1,1,0,0,0,0,0,0),(62,'Footwear enclosed leather',0,0,0,0,0,0,1,1,0,0,0,0),(63,'Overall fia 8856-2000 / SFI3.2A min',0,0,0,0,0,0,1,0,0,0,0,0),(64,'Signage',0,0,0,0,0,0,0,0,0,0,0,0),(65,'Competition Number',1,1,1,1,1,1,1,1,0,0,0,0),(66,'Event Signage',1,1,1,1,1,1,1,1,0,0,0,0),(67,'Battery/Isolator location if req',1,1,1,1,1,1,1,1,0,0,0,0),(68,'Fire bomb activation if fitted',1,1,1,1,1,1,1,1,0,0,0,0),(69,'Tow Point Locations',1,1,1,1,1,1,1,1,0,0,0,0),(70,'EVENT',0,0,0,0,0,0,0,0,0,0,0,0),(71,'Logbook Signed',1,1,1,1,1,1,1,1,0,0,0,0),(72,'Approved to Start',1,1,1,1,1,1,1,1,0,0,0,0),(73,'Vehicle Weight',1,1,1,1,1,1,1,1,0,0,0,0),(74,'Scrutineer Name',1,1,1,1,1,1,1,1,0,0,0,0),(75,'Scrutineer Licence Number',1,1,1,1,1,1,1,1,0,0,0,0),(76,'Date',1,1,1,1,1,1,1,1,0,0,0,0),(77,'Time',1,1,1,1,1,1,1,1,0,0,0,0);
CREATE TABLE `entries` (
  `id` integer NOT NULL PRIMARY KEY AUTOINCREMENT
,  `event_id` integer DEFAULT '1'
,  `vehicle_number` varchar(5) NOT NULL
,  `vehicle_make` varchar(255) NOT NULL
,  `vehicle_model` varchar(255) NOT NULL DEFAULT 'UNK'
,  `vehicle_type` varchar(2) NOT NULL DEFAULT 'W'
,  `garage_number` varchar(255) DEFAULT NULL
,  `log_book_number` varchar(255) DEFAULT NULL
,  `licence_number` varchar(255) NOT NULL DEFAULT '000000'
,  `driver_name` varchar(255) NOT NULL
,  `team_name` varchar(255) DEFAULT NULL
,  `class_type` varchar(255) DEFAULT NULL
,  `Inspection_report` integer NOT NULL DEFAULT '0'
,  `approved_to_start` integer NOT NULL DEFAULT '0'
,  `failed_items` integer NOT NULL DEFAULT '0'
);
INSERT INTO `entries` VALUES (1,1,'56C','Holden','VF SSV Ute','W','45F',NULL,'000000','Greg Kerba','Greg Kerba','Clubsprint',0,0,0),(2,1,'57C','Subaru','Impreza WRX','W','49F',NULL,'000000','Hamish Richmond','Hamish Richmond','Clubsprint',0,0,0),(3,1,'58C','Subaru','Impreza WRX STi','W','26F',NULL,'000000','Idin Ahangar','Idin Ahangar','Clubsprint',0,0,0),(4,1,'59C','Honda','Civic','W','32R',NULL,'000000','Jayce Huang','Jayce Huang','Clubsprint',0,0,0),(5,1,'60C','Toyota','GR Yaris','W','13R',NULL,'000000','Adam Casmiri','Charles Lam','Clubsprint',0,0,0),(6,1,'61C','Toyota','GR Yaris','W','11F',NULL,'000000','Wesley Tang','Wesley Tang','Clubsprint',0,0,0),(7,1,'62C','Subaru','Impreza WRX STi','W','27R',NULL,'000000','Adam Naccarata','Adam Naccarata','Clubsprint',0,0,0),(8,1,'63C','Subaru','Impreza WRX','W','46F',NULL,'000000','Paul McKinnon','Paul Fisher','Clubsprint',0,0,0),(9,1,'64C','Mitsubishi','Evo X','W','45R',NULL,'000000','Tim Weston','Tim Weston','Clubsprint',0,0,0),(10,1,'65C','Hyundai','i30N Fastback','W','21R',NULL,'000000','Andrew Price','Andrew Price','Clubsprint',0,0,0),(11,1,'66C','Subaru','Impreza WRX STi','W','27F',NULL,'000000','Induwara GT','Induwara GT','Clubsprint',0,0,0),(12,1,'67C','Porsche','944','W','43F',NULL,'000000','Paul Kovaceski','Paul Kovaceski','Clubsprint',0,0,0),(13,1,'68C','Toyota','GR Supra','W','38R',NULL,'000000','Jonathan Wong','Jonathan Wong','Clubsprint',0,0,0),(14,1,'69C','Nissan','350Z','W','20R',NULL,'000000','Dai Nguyen','Dai Nguyen','Clubsprint',0,0,0),(15,1,'70C','Mitsubishi','Ralliart','W','48R',NULL,'000000','Jonathon Munro','Jonathon Munro','Clubsprint',0,0,0),(16,1,'71C','Toyota','Supra','W','11R',NULL,'000000','Ayman Khamas','Ayman Khamas','Clubsprint',0,0,0),(17,1,'72C','Nissan','350Z','W','44R',NULL,'000000','David La','David La','Clubsprint',0,0,0),(18,1,'73C','Mazda','RX-7','W','19R',NULL,'000000','Artemis Kazangas','Artemis Kazangas','Clubsprint',0,0,0),(19,1,'74C','Toyota','Supra','W','49R',NULL,'000000','Adam Clark-Lynch','Adam Clark-Lynch','Clubsprint',0,0,0),(20,1,'75C','Mazda','RX-7','W','40R',NULL,'000000','Rahul Victor','Rahul Victor','Clubsprint',0,0,0),(21,1,'76C','Hyundai','i30N','W','12F',NULL,'000000','Jeremy Morris','Jeremy Morris','Clubsprint',0,0,0),(22,1,'77C','Subaru','Impreza WRX STi','W','08F',NULL,'000000','Fabrice Charon','Fabrice Charon','Clubsprint',0,0,0),(23,1,'78C','Subaru','Impreza WRX STi','W','08R',NULL,'000000','Trent Grubel','Colin Yuen','Clubsprint',0,0,0),(24,1,'79C','Mitsubishi','Evo 6','W','05R',NULL,'000000','Alex Michalsky','Alex Michalsky','Clubsprint',0,0,0),(25,1,'80C','Lotus','Exige Sport 410','W','47F',NULL,'000000','Kim Tai','Kim Tai','Clubsprint',0,0,0),(26,1,'81C','Mazda','MX-5','W','19F',NULL,'000000','Mark Collingwood','Mark Collingwood','Clubsprint',1,0,0),(27,1,'82C','Toyota','GR Yaris','W','40F',NULL,'000000','Andrie Tan','Adrian Lee','Clubsprint',1,0,0),(28,1,'83C','Toyota','GR Yaris','W','39F',NULL,'000000','Ryan Gorton','Justin Lewis','Clubsprint',0,0,0),(29,1,'84C','VW','Golf R','W','44F',NULL,'000000','Stephen Muller','Stephen Muller','Clubsprint',0,0,0),(30,1,'85C','Mitsubishi','Evo X','W','46R',NULL,'000000','Duane Fischer','Duane Fischer','Clubsprint',0,0,0),(31,1,'86C','Toyota','86','W','39R',NULL,'000000','Ben Schoots','Heath Moore','Clubsprint',0,0,0),(32,1,'87C','Subaru','Impreza WRX STi','W','33R',NULL,'000000','Josh Muggleton','Jinpeng Wang','Clubsprint',0,0,0),(33,1,'88C','Toyota','Supra','W','48F',NULL,'000000','Stuart Rankin','Stuart Rankin','Clubsprint',0,0,0),(34,1,'89C','Honda','Integra','W','12R',NULL,'000000','Adam Casmiri','Adam Casmiri','Clubsprint',0,0,0),(35,1,'90C','Subaru','Impreza WRX STi','W','13F',NULL,'000000','Ryan Marshall','Ryan Marshall','Clubsprint',0,0,0),(36,1,'91C','Subaru','Impreza RX','W','26R',NULL,'000000','Michael Garland','Michael Garland','Clubsprint',0,0,0),(37,1,'92C','Mazda','MX-5','W','43R',NULL,'000000','Daniel Holohan','Daniel Holohan','Clubsprint',0,0,0),(38,1,'93C','Hyundai','i20N','W','21F',NULL,'000000','Eleanor Terry','Eleanor Terry','Clubsprint',0,0,0),(39,1,'94C','Mazda','RX-7','W','47R',NULL,'000000','Rodney Middleton','Rodney Middleton','Clubsprint',0,0,0),(40,1,'95C','Toyota','GR Yaris','W','33F',NULL,'000000','Josh Muggleton','Josh Muggleton','Clubsprint',0,0,0),(41,1,'96C','Toyota','86','W','32F',NULL,'000000','Reuben Mardan','Jim Ghelis','Clubsprint',0,0,0),(42,1,'97C','Toyota','86 GT','W','20F',NULL,'000000','George Jeffcott','George Jeffcott','Clubsprint',0,0,0),(43,1,'99O','Mitsubishi','Evo 6RS','W','38F',NULL,'000000','Jamal Assaad','Jamal Assaad','Open',0,0,0),(44,1,'30O','Honda','Integra','W','42R',NULL,'000000','Benny Tran','Benny Tran','Open',0,0,0),(45,1,'31O','Mitsubishi','Evo 6','W','35F',NULL,'000000','Damon Ashton','Damon Ashton','Open',0,0,0),(46,1,'32O','Nissan','Skyline GTR','W',NULL,NULL,'000000','Tim Slade','Michele Guyer','Open',0,0,0),(47,1,'33O','Subaru','Impreza WRX STi Coupe','W','18F',NULL,'000000','Liam Hooper','Liam Hooper','Open',0,0,0),(48,1,'34O','Ferrari','244 GTK','W','04F',NULL,'000000','Michael Burroughs','Mike Burroughs','Open',0,0,0),(49,1,'35O','Nissan','Silvia','W','42F',NULL,'000000','Adrian Pazman','Adrian Pazman','Open',0,0,0),(50,1,'36O','Nissan','Silvia S14','W','34R',NULL,'000000','John Boston','Andrew Hawkins','Open',0,0,0),(51,1,'37O','Nissan','Skyline R32 GTS-T','W','35R',NULL,'000000','Laine Brandis','Laine Brandis','Open',0,0,0),(52,1,'38O','Nissan','200SX S15','W','07F',NULL,'000000','Peter Owen','Peter Owen','Open',0,0,0),(53,1,'39O','Mitsubishi','Evo','W','31F',NULL,'000000','Nathan Morcom','Nick York','Open',0,0,0),(54,1,'40O','Honda','Civic','W','31R',NULL,'000000','Say Hin Tan','Say Hin Tan','Open',0,0,0),(55,1,'41O','Mitsubishi','Evo 7','W','24F',NULL,'000000','Darren Bishop','Darren Bishop','Open',0,0,0),(56,1,'42O','Toyota','MR-S','W','36F',NULL,'000000','Justin Gaujenieks','Justin Gaujenieks','Open',0,0,0),(57,1,'43O','Subaru','Impreza WRX STi','W','28R',NULL,'000000','Cole Powelson','Troy Patterson','Open',0,0,0),(58,1,'44O','Subaru','Impreza WRX STi','W','24R',NULL,'000000','Dan Day','Dan Day','Open',0,0,0),(59,1,'45O','Nissan','Silvia S15','W','09R',NULL,'000000','Robert Nguyen','Charles Warland','Open',0,0,0),(60,1,'46O','Datsun','1600','W','34F',NULL,'000000','John Healey','John Healey','Open',0,0,0),(61,1,'47O','Nissan','Skyline GTR','W','36R',NULL,'000000','Nikolas Geyer','Nikolas Geyer','Open',0,0,0),(62,1,'48O','Toyota','Supra','W','07R',NULL,'000000','John Sebelic','John Sebelic','Open',0,0,0),(63,1,'49PA','Mitsubishi','Evo 7','W','05F',NULL,'000000','Shane Brandon','Shane Brandon','pro_am',0,0,0),(64,1,'10PA','Chevrolet','Corvette','W',NULL,NULL,'000000','Feras Qartoumy','Feras Qartoumy','pro_am',0,0,0),(65,1,'11PA','Mazda','RX-7','W','25F',NULL,'000000','Tetushiro Kurokawa','Tetushiro Kurokawa','pro_am',0,0,0),(66,1,'12PA','Nissan','Silvia S13','W','25R',NULL,'000000','Mitsuyoshi Nishio','Mitsuyoshi Nishio','pro_am',0,0,0),(67,1,'13PA','Subaru','Impreza WRX STi','W','06R',NULL,'000000','Jay Davidson','Jay Davidson','pro_am',0,0,0),(68,1,'14PA','NISMO','Super GT 350Z','W',NULL,NULL,'000000','Dale Malone','Dale Malone','pro_am',0,0,0),(69,1,'15PA','Ford','Falcon XR6 Turbo Ute','W','41R',NULL,'000000','Luke Hando','Luke Hando','pro_am',0,0,0),(70,1,'16PA','Ginetta','G55','W','09F',NULL,'000000','Richard Perini','Richard Perini','pro_am',0,0,0),(71,1,'17PA','Nissan','GT-R','W','41F',NULL,'000000','Jason Rex','Jason Rex','pro_am',0,0,0),(72,1,'18PA','Nissan','Skyline GTR','W','14R',NULL,'000000','Drew Hall','Drew Hall','pro_am',0,0,0),(73,1,'19PA','Honda','Civic','W','37R',NULL,'000000','Charlie Khoury','Charlie Khoury','pro_am',0,0,0),(74,1,'20PA','Mitsubishi','Evo X','W','37F',NULL,'000000','Nunzio Gulino','Nunzio Gulino','pro_am',0,0,0),(75,1,'21PA','Ginetta','G50','W','18R',NULL,'000000','Anthony Shore','Anthony Shore','pro_am',0,0,0),(76,1,'22PA','Nissan','Silvia S13','W',NULL,NULL,'000000','Wayne Lee','Wayne Lee','pro_am',0,0,0),(77,1,'23PA','Nissan','R35 GTR','W',NULL,NULL,'000000','Jeremiah Burton','Cole Powelson','pro_am',0,0,0),(78,1,'24PA','Subaru','Impreza WRX STi','W','15F',NULL,'000000','Daniel Callow','Daniel Callow','pro_am',0,0,0),(79,1,'25PA','Nissan','180SX','W','06F',NULL,'000000','Andrew Handmer','Andrew Handmer','pro_am',0,0,0),(80,1,'26PA','Lotus','Exige','W','15R',NULL,'000000','Matt Plowman','Matt Plowman','pro_am',0,0,0),(81,1,'27PA','Subaru','Impreza WRX STi','W','28F',NULL,'000000','Aleck Kazakovski','Aleck Kazakovski','pro_am',0,0,0),(82,1,'28PA','Subaru','Impreza WRX STi','W','14F',NULL,'000000','Stephen Faulks','Stephen Faulks','pro_am',0,0,0),(83,1,'1P','Porsche','968','W',NULL,NULL,'000000','Barton Mawer','Rod Pobestek','Pro',0,0,0),(84,1,'2P','Nissan','Silvia S13','W',NULL,NULL,'000000','Tim Slade','Wayne Lee','Pro',0,0,0),(85,1,'3P','Honda','S2000','W',NULL,NULL,'000000','Shibata Yusaku','Shibata Yusaku','Pro',0,0,0),(86,1,'4P','Nissan','R35 GTR','W',NULL,NULL,'000000','Cole Powelson','Cole Powelson','Pro',0,0,0),(87,1,'5P','NISMO','Super GT 350Z','W','10',NULL,'000000','Dale Malone','Dale Malone','Pro',0,0,0),(88,1,'1D','Ford','32 Pick up','W',NULL,NULL,'000000','Levi Clarke','Levi Clarke','Demo',0,0,0),(89,1,'2D','Mazda','RX7','W',NULL,NULL,'000000','Benjamin Wilkinson','Benjamin Wilkinson','Demo',0,0,0),(90,1,'3D','Nissan','Silvia S13','W',NULL,NULL,'000000','Mitch Pullen','Mitch Pullen','Demo',0,0,0),(91,1,'4D','Toyota','Supra','W',NULL,NULL,'000000','Ryan Tuerck','Ryan Tuerck','Demo',0,0,0),(92,NULL,'101p','Nissan','poopoo','W','88f','123456','987654','darvo',NULL,'Pro',0,0,0),(93,NULL,'103o','nosun','weewee','W','23l','143','99','shane',NULL,'open',0,0,0),(94,1,'200p','rubbish','bomb','W','44l','222','2323','dude girl',NULL,'pro',0,0,0),(95,1,'222o','blabla','chacha','W','33f','12','000000','dippy',NULL,'open',0,0,0),(96,1,'233o','blabla','chacha','W','33f','12','000000','dippy',NULL,'open',0,0,0),(97,1,'444p','nissan','','W','','','000000','bob',NULL,'pro',0,0,0),(98,1,'434c','fe','','W','','','000000','fe',NULL,'clubsprint',0,0,0),(99,1,'333p','who careas','','W','','','000000','me',NULL,'pro',0,0,0),(100,1,'333p','who careas','','W','','','000000','me',NULL,'pro',0,0,0),(101,1,'666p','rubbish','bomb','W','44l','222','000000','dude girl',NULL,'Tuner',0,0,0),(103,1,'967p','sd','','W','','','000000','dddd',NULL,'flying_500',0,0,0),(104,1,'321f','lala','','W','','','000000','dada',NULL,'flying_500',0,0,0),(105,1,'222f','rubbish','','W','','','000000','fake',NULL,'flying_500',0,0,0),(106,1,'332F','pooper','','W','','','000000','looper',NULL,'flying_500',0,0,0),(107,1,'342F','pooper','','W','','','000000','looper',NULL,'flying_500',0,0,0);
CREATE TABLE `events` (
  `id` integer NOT NULL PRIMARY KEY AUTOINCREMENT
,  `event_name` varchar(255) DEFAULT NULL
,  `event_date` date DEFAULT NULL
,  `event_type` varchar(255) DEFAULT NULL
,  `location` varchar(255) DEFAULT NULL
,  `eventscol` varchar(45) DEFAULT NULL
);
CREATE TABLE `inspection_checklists` (
  `id` integer NOT NULL PRIMARY KEY AUTOINCREMENT
,  `entry_id` integer NOT NULL
,  `failed_items` integer DEFAULT '0'
,  `approved_to_start` integer DEFAULT '0'
,  `scrutineer_name` varchar(255) DEFAULT NULL
,  `scrutineer_licence_number` varchar(255) DEFAULT NULL
,  `date` date DEFAULT NULL
,  `time` time DEFAULT NULL
,  CONSTRAINT `inspection_checklists_ibfk_1` FOREIGN KEY (`entry_id`) REFERENCES `entries` (`id`)
);
INSERT INTO `inspection_checklists` VALUES (1,92,0,0,'1','146554','2025-03-26','21:07:44'),(2,48,0,0,'1','146554','2025-03-26','23:56:32'),(3,6,0,0,'1','146554','2025-03-27','00:15:15'),(4,57,0,0,NULL,NULL,NULL,NULL),(5,77,0,0,'1','146554',NULL,NULL),(6,33,0,0,NULL,NULL,NULL,NULL),(7,83,0,0,'1','146554','2025-03-27','00:35:30'),(8,99,0,0,NULL,NULL,NULL,NULL),(9,96,0,0,NULL,NULL,NULL,NULL),(10,88,0,0,NULL,NULL,NULL,NULL),(11,58,0,0,'1','146554','2025-03-27','00:00:32'),(12,12,0,0,'1','146554','2025-03-27','00:12:12'),(13,95,0,0,NULL,NULL,NULL,NULL),(14,65,0,0,'1','146554','2025-03-27','00:37:56'),(15,11,0,1,'1','146554','2025-03-27','01:39:56');
CREATE TABLE `inspection_items` (
  `id` integer NOT NULL PRIMARY KEY AUTOINCREMENT
,  `checklist_id` integer NOT NULL
,  `item_name` varchar(255) NOT NULL
,  `status` varchar(255) DEFAULT NULL
,  `brand` varchar(255) DEFAULT NULL
,  `standard` varchar(255) DEFAULT NULL
,  `expiry_date` date DEFAULT NULL
,  `rops` varchar(255) DEFAULT NULL
,  `brand_required` integer DEFAULT '0'
,  `standard_required` integer DEFAULT '0'
,  `expiry_date_required` integer DEFAULT '0'
,  `rops_required` integer DEFAULT '0'
,  `value` varchar(255) DEFAULT NULL
,  CONSTRAINT `inspection_items_ibfk_1` FOREIGN KEY (`checklist_id`) REFERENCES `inspection_checklists` (`id`) ON DELETE CASCADE
);
INSERT INTO `inspection_items` VALUES (1963,1,'Bonnet/Engine Cover Secure','Pending',NULL,NULL,NULL,NULL,0,0,0,0,NULL),(1964,1,'Bonnet/Engine Cover Secure','Pending',NULL,NULL,NULL,NULL,0,0,0,0,NULL),(1965,1,'Body Work Secure','Pending',NULL,NULL,NULL,NULL,0,0,0,0,NULL),(1966,1,'Spoilers, Skirts & Flares acceptable','Pending',NULL,NULL,NULL,NULL,0,0,0,0,NULL),(1967,1,'Exhaust System Compliant','Pending',NULL,NULL,NULL,NULL,0,0,0,0,NULL),(1968,1,'Tow Points ','Pending',NULL,NULL,NULL,NULL,0,0,0,0,NULL),(1969,1,'Reverse Gear','Pending',NULL,NULL,NULL,NULL,0,0,0,0,NULL),(1970,1,'Glass Lenses Covered','Pending',NULL,NULL,NULL,NULL,0,0,0,0,NULL),(1971,1,'General Appearance','Pending',NULL,NULL,NULL,NULL,0,0,0,0,NULL),(1972,1,'Brake light, Single Center min, OEM lenses to remain','Pending',NULL,NULL,NULL,NULL,0,0,0,0,NULL),(1973,1,'Tailshaft strap/loop','Pending',NULL,NULL,NULL,NULL,0,0,0,0,NULL),(1974,1,'Wheel/Tyre fitment','Pending',NULL,NULL,NULL,NULL,0,0,0,0,NULL),(1975,1,'Fluid Leaks/Levels','Pending',NULL,NULL,NULL,NULL,0,0,0,0,NULL),(1976,1,'Coolant Catch Tank','Pending',NULL,NULL,NULL,NULL,0,0,0,0,NULL),(1977,1,'Oil Catch Tank - Capacity ','Pending',NULL,NULL,NULL,NULL,0,0,0,0,NULL),(1978,1,'Engine Mounts','Pending',NULL,NULL,NULL,NULL,0,0,0,0,NULL),(1979,1,'Strut Brace','Pending',NULL,NULL,NULL,NULL,0,0,0,0,NULL),(1980,1,'Battery Secure','Pending',NULL,NULL,NULL,NULL,0,0,0,0,NULL),(1981,1,'Throttle Return','Pending',NULL,NULL,NULL,NULL,0,0,0,0,NULL),(1982,1,'Fire Extinguisher (min 1x 900g)','Pending',NULL,NULL,NULL,NULL,0,0,1,0,NULL),(1983,1,'Fire Bomb 2.4l Min','Pending',NULL,NULL,NULL,NULL,0,0,1,0,NULL),(1984,1,'Safety Harness and Mounting (5/6 point with FHR','Pending','None','None',NULL,NULL,1,1,1,0,NULL),(1985,1,'Seat and Mounting 8855-1999 min','Pending','None','None',NULL,NULL,1,1,0,0,NULL),(1986,1,'6 Point ROPS and padding','Pending',NULL,NULL,NULL,'None',0,0,0,1,NULL),(1987,1,'Door Trims Fitted','Pending',NULL,NULL,NULL,NULL,0,0,0,0,NULL),(1988,1,'Additional Equiptment Secured','Pending',NULL,NULL,NULL,NULL,0,0,0,0,NULL),(1989,1,'Camera and equiptment Secured','Pending',NULL,NULL,NULL,NULL,0,0,0,0,NULL),(1990,1,'Battery Isolator Required (INT/EXT)','Pending',NULL,NULL,NULL,NULL,0,0,0,0,NULL),(1991,1,'Rear View Mirror (Min 2) Or Camera','Pending',NULL,NULL,NULL,NULL,0,0,0,0,NULL),(1992,1,'Flame / Liquid Proof Bulkhead','Pending',NULL,NULL,NULL,NULL,0,0,0,0,NULL),(1993,1,'Sealed Hot Liquid Containers','Pending',NULL,NULL,NULL,NULL,0,0,0,0,NULL),(1994,1,'Steering wheel and mounting','Pending',NULL,NULL,NULL,NULL,0,0,0,0,NULL),(1995,1,'Brake Pedal Feel','Pending',NULL,NULL,NULL,NULL,0,0,0,0,NULL),(1996,1,'NOS if fitted','Pending',NULL,NULL,NULL,NULL,0,0,0,0,NULL),(1997,1,'Helmet (Speed event) to suit FHR','Pending','None','None',NULL,NULL,1,1,0,0,NULL),(1998,1,'Footwear FIA 8856-2000','Pending',NULL,NULL,NULL,NULL,0,0,0,0,NULL),(1999,1,'Gloves FIA 8856-2000','Pending',NULL,NULL,NULL,NULL,0,0,0,0,NULL),(2000,1,'Socks FIA 8856-2000','Pending',NULL,NULL,NULL,NULL,0,0,0,0,NULL),(2001,1,'FHR FIA 8858-2002/2010','Pending',NULL,NULL,NULL,NULL,0,0,0,0,NULL),(2002,1,'Overalls FIA 1986 min','Pending',NULL,NULL,NULL,NULL,0,0,0,0,NULL),(2003,1,'Balaclava FIA 8856-2000','Pending',NULL,NULL,NULL,NULL,0,0,0,0,NULL),(2004,1,'Competition Number','Fail',NULL,NULL,NULL,NULL,0,0,0,0,NULL),(2005,1,'Event Signage','Pending',NULL,NULL,NULL,NULL,0,0,0,0,NULL),(2006,1,'Battery/Isolator location if req','Pass',NULL,NULL,NULL,NULL,0,0,0,0,NULL),(2007,1,'Fire bomb activation if fitted','Pending',NULL,NULL,NULL,NULL,0,0,0,0,NULL),(2008,1,'Tow Point Locations','Pending',NULL,NULL,NULL,NULL,0,0,0,0,NULL),(2009,1,'Logbook Signed','Pending',NULL,NULL,NULL,NULL,0,0,0,0,NULL),(2010,1,'Approved to Start','Pass',NULL,NULL,NULL,NULL,0,0,0,0,NULL),(2011,1,'Vehicle Weight','Pending',NULL,NULL,NULL,NULL,0,0,0,0,'500'),(2012,1,'Scrutineer Name','Pending',NULL,NULL,NULL,NULL,0,0,0,0,NULL),(2013,1,'Scrutineer Licence Number','Pending',NULL,NULL,NULL,NULL,0,0,0,0,NULL),(2014,1,'Date','Pending',NULL,NULL,NULL,NULL,0,0,0,0,'2025-03-26'),(2015,1,'Time','Pending',NULL,NULL,NULL,NULL,0,0,0,0,'21:07:44'),(2016,2,'Bonnet/Engine Cover Secure','Pass',NULL,NULL,NULL,NULL,0,0,0,0,NULL),(2017,2,'Bonnet/Engine Cover Secure','Pass',NULL,NULL,NULL,NULL,0,0,0,0,NULL),(2018,2,'Body Work Secure','Pass',NULL,NULL,NULL,NULL,0,0,0,0,NULL),(2019,2,'Spoilers, Skirts & Flares acceptable','Pass',NULL,NULL,NULL,NULL,0,0,0,0,NULL),(2020,2,'Exhaust System Compliant','Pass',NULL,NULL,NULL,NULL,0,0,0,0,NULL),(2021,2,'Tow Points ','Pass',NULL,NULL,NULL,NULL,0,0,0,0,NULL),(2022,2,'Reverse Gear','Pass',NULL,NULL,NULL,NULL,0,0,0,0,NULL),(2023,2,'Glass Lenses Covered','Pass',NULL,NULL,NULL,NULL,0,0,0,0,NULL),(2024,2,'General Appearance','Pass',NULL,NULL,NULL,NULL,0,0,0,0,NULL),(2025,2,'Brake Lights OEM Position','Pass',NULL,NULL,NULL,NULL,0,0,0,0,NULL),(2026,2,'Tailshaft strap/loop','Pass',NULL,NULL,NULL,NULL,0,0,0,0,NULL),(2027,2,'Wheel/Tyre fitment','Pass',NULL,NULL,NULL,NULL,0,0,0,0,NULL),(2028,2,'Fluid Leaks/Levels','Pass',NULL,NULL,NULL,NULL,0,0,0,0,NULL),(2029,2,'Coolant Catch Tank','Pass',NULL,NULL,NULL,NULL,0,0,0,0,NULL),(2030,2,'Oil Catch Tank - Capacity ','Pass',NULL,NULL,NULL,NULL,0,0,0,0,NULL),(2031,2,'Engine Mounts','Pass',NULL,NULL,NULL,NULL,0,0,0,0,NULL),(2032,2,'Strut Brace','Pass',NULL,NULL,NULL,NULL,0,0,0,0,NULL),(2033,2,'Battery Secure','Pass',NULL,NULL,NULL,NULL,0,0,0,0,NULL),(2034,2,'Throttle Return','Pass',NULL,NULL,NULL,NULL,0,0,0,0,NULL),(2035,2,'Fire Bomb 2.4l Min','Pass',NULL,NULL,NULL,NULL,0,0,1,0,NULL),(2036,2,'Safety Harness and Mounting (5/6 point with FHR','Pass','None','None',NULL,NULL,1,1,1,0,NULL),(2037,2,'Fixed Race Seat and Mounting','Pass',NULL,NULL,NULL,NULL,0,0,0,0,NULL),(2038,2,'6 Point ROPS and padding','Pass',NULL,NULL,NULL,'None',0,0,0,1,NULL),(2039,2,'Windscnreen Laminated','Pass',NULL,NULL,NULL,NULL,0,0,0,0,NULL),(2040,2,'Door Trims Fitted','Pass',NULL,NULL,NULL,NULL,0,0,0,0,NULL),(2041,2,'Additional Equiptment Secured','Pass',NULL,NULL,NULL,NULL,0,0,0,0,NULL),(2042,2,'Camera and equiptment Secured','Pass',NULL,NULL,NULL,NULL,0,0,0,0,NULL),(2043,2,'Battery Isolator Required (INT/EXT)','Pass',NULL,NULL,NULL,NULL,0,0,0,0,NULL),(2044,2,'Rear View Mirror (Min 2)','Pass',NULL,NULL,NULL,NULL,0,0,0,0,NULL),(2045,2,'Flame / Liquid Proof Bulkhead','Pass',NULL,NULL,NULL,NULL,0,0,0,0,NULL),(2046,2,'Sealed Hot Liquid Containers','Pass',NULL,NULL,NULL,NULL,0,0,0,0,NULL),(2047,2,'Steering wheel and mounting','Pass',NULL,NULL,NULL,NULL,0,0,0,0,NULL),(2048,2,'Brake Pedal Feel','Pass',NULL,NULL,NULL,NULL,0,0,0,0,NULL),(2049,2,'NOS if fitted','Pass',NULL,NULL,NULL,NULL,0,0,0,0,NULL),(2050,2,'Helmet (Speed event) to suit FHR','Pass','None','None',NULL,NULL,1,1,0,0,NULL),(2051,2,'Footwear FIA 8856-2000','Pass',NULL,NULL,NULL,NULL,0,0,0,0,NULL),(2052,2,'Gloves FIA 8856-2000','Pass',NULL,NULL,NULL,NULL,0,0,0,0,NULL),(2053,2,'Socks FIA 8856-2000','Pass',NULL,NULL,NULL,NULL,0,0,0,0,NULL),(2054,2,'FHR FIA 8858-2002/2010','Pass',NULL,NULL,NULL,NULL,0,0,0,0,NULL),(2055,2,'Overalls FIA 1986 min','Pass',NULL,NULL,NULL,NULL,0,0,0,0,NULL),(2056,2,'Balaclava FIA 8856-2000','Pass',NULL,NULL,NULL,NULL,0,0,0,0,NULL),(2057,2,'Competition Number','Pass',NULL,NULL,NULL,NULL,0,0,0,0,NULL),(2058,2,'Event Signage','Pass',NULL,NULL,NULL,NULL,0,0,0,0,NULL),(2059,2,'Battery/Isolator location if req','Pass',NULL,NULL,NULL,NULL,0,0,0,0,NULL),(2060,2,'Fire bomb activation if fitted','Pass',NULL,NULL,NULL,NULL,0,0,0,0,NULL),(2061,2,'Tow Point Locations','Pass',NULL,NULL,NULL,NULL,0,0,0,0,NULL),(2062,2,'Logbook Signed','Pass',NULL,NULL,NULL,NULL,0,0,0,0,NULL),(2063,2,'Approved to Start','Pass',NULL,NULL,NULL,NULL,0,0,0,0,NULL),(2064,2,'Vehicle Weight','Pending',NULL,NULL,NULL,NULL,0,0,0,0,'322'),(2065,2,'Scrutineer Name','Pending',NULL,NULL,NULL,NULL,0,0,0,0,NULL),(2066,2,'Scrutineer Licence Number','Pending',NULL,NULL,NULL,NULL,0,0,0,0,NULL),(2067,2,'Date','Pending',NULL,NULL,NULL,NULL,0,0,0,0,'2025-03-26'),(2068,2,'Time','Pending',NULL,NULL,NULL,NULL,0,0,0,0,'23:56:32'),(2069,3,'Bonnet/Engine Cover Secure','Pass',NULL,NULL,NULL,NULL,0,0,0,0,NULL),(2070,3,'Bonnet/Engine Cover Secure','Pass',NULL,NULL,NULL,NULL,0,0,0,0,NULL),(2071,3,'Body Work Secure','Pass',NULL,NULL,NULL,NULL,0,0,0,0,NULL),(2072,3,'Spoilers, Skirts & Flares acceptable','Pass',NULL,NULL,NULL,NULL,0,0,0,0,NULL),(2073,3,'Exhaust System Compliant','Pass',NULL,NULL,NULL,NULL,0,0,0,0,NULL),(2074,3,'Tow Points ','Pass',NULL,NULL,NULL,NULL,0,0,0,0,NULL),(2075,3,'Reverse Gear','Pass',NULL,NULL,NULL,NULL,0,0,0,0,NULL),(2076,3,'Glass Lenses Covered','Pass',NULL,NULL,NULL,NULL,0,0,0,0,NULL),(2077,3,'General Appearance','Pass',NULL,NULL,NULL,NULL,0,0,0,0,NULL),(2078,3,'Brake Lights OEM Position','Pass',NULL,NULL,NULL,NULL,0,0,0,0,NULL),(2079,3,'Tailshaft strap/loop','NA',NULL,NULL,NULL,NULL,0,0,0,0,NULL),(2080,3,'Wheel/Tyre fitment','Pass',NULL,NULL,NULL,NULL,0,0,0,0,NULL),(2081,3,'Fluid Leaks/Levels','Pass',NULL,NULL,NULL,NULL,0,0,0,0,NULL),(2082,3,'Coolant Catch Tank','Pass',NULL,NULL,NULL,NULL,0,0,0,0,NULL),(2083,3,'Oil Catch Tank - Capacity ','Pass',NULL,NULL,NULL,NULL,0,0,0,0,NULL),(2084,3,'Engine Mounts','Fail',NULL,NULL,NULL,NULL,0,0,0,0,NULL),(2085,3,'Strut Brace','Pass',NULL,NULL,NULL,NULL,0,0,0,0,NULL),(2086,3,'Battery Secure','Pass',NULL,NULL,NULL,NULL,0,0,0,0,NULL),(2087,3,'Throttle Return','Pending',NULL,NULL,NULL,NULL,0,0,0,0,NULL),(2088,3,'Fire Extinguisher (min 1x 900g)','Pass',NULL,NULL,NULL,NULL,0,0,1,0,NULL),(2089,3,'Safety Harness and Mounting (5/6 point with FHR','Pass','None','None',NULL,NULL,1,1,1,0,NULL),(2090,3,'Seat and Mounting','Pass',NULL,NULL,NULL,NULL,0,0,0,0,NULL),(2091,3,'1/2 ROPS and padding','Pass',NULL,NULL,NULL,'None',0,0,0,1,NULL),(2092,3,'Windows/Windscreen OEM Laminated','Pass',NULL,NULL,NULL,NULL,0,0,0,0,NULL),(2093,3,'OEM Door Trims Fitted','Pass',NULL,NULL,NULL,NULL,0,0,0,0,NULL),(2094,3,'Additional Equiptment Secured','Pass',NULL,NULL,NULL,NULL,0,0,0,0,NULL),(2095,3,'Camera and equiptment Secured','Pass',NULL,NULL,NULL,NULL,0,0,0,0,NULL),(2096,3,'Battery Isolator (Recommended)','Pass',NULL,NULL,NULL,NULL,0,0,0,0,NULL),(2097,3,'Rear View Mirror (Min 2)','Pass',NULL,NULL,NULL,NULL,0,0,0,0,NULL),(2098,3,'Flame / Liquid Proof Bulkhead','Pass',NULL,NULL,NULL,NULL,0,0,0,0,NULL),(2099,3,'Sealed Hot Liquid Containers','Pass',NULL,NULL,NULL,NULL,0,0,0,0,NULL),(2100,3,'Steering wheel and mounting','Pass',NULL,NULL,NULL,NULL,0,0,0,0,NULL),(2101,3,'Brake Pedal Feel','Pass',NULL,NULL,NULL,NULL,0,0,0,0,NULL),(2102,3,'Helmet (Speed event) to suit FHR','Pass','None','None',NULL,NULL,1,1,0,0,NULL),(2103,3,'Footwear FIA 8856-2000','Pass',NULL,NULL,NULL,NULL,0,0,0,0,NULL),(2104,3,'Gloves FIA 8856-2000','Pass',NULL,NULL,NULL,NULL,0,0,0,0,NULL),(2105,3,'Socks FIA 8856-2000','Pass',NULL,NULL,NULL,NULL,0,0,0,0,NULL),(2106,3,'FHR FIA 8858-2002/2010','Pass',NULL,NULL,NULL,NULL,0,0,0,0,NULL),(2107,3,'Outerwear collars to cuffs','Pass',NULL,NULL,NULL,NULL,0,0,0,0,NULL),(2108,3,'Competition Number','Pass',NULL,NULL,NULL,NULL,0,0,0,0,NULL),(2109,3,'Event Signage','Pass',NULL,NULL,NULL,NULL,0,0,0,0,NULL),(2110,3,'Battery/Isolator location if req','Pass',NULL,NULL,NULL,NULL,0,0,0,0,NULL),(2111,3,'Fire bomb activation if fitted','Pass',NULL,NULL,NULL,NULL,0,0,0,0,NULL),(2112,3,'Tow Point Locations','Pass',NULL,NULL,NULL,NULL,0,0,0,0,NULL),(2113,3,'Logbook Signed','Pass',NULL,NULL,NULL,NULL,0,0,0,0,NULL),(2114,3,'Approved to Start','Pass',NULL,NULL,NULL,NULL,0,0,0,0,NULL),(2115,3,'Vehicle Weight','Pending',NULL,NULL,NULL,NULL,0,0,0,0,'333'),(2116,3,'Scrutineer Name','Pending',NULL,NULL,NULL,NULL,0,0,0,0,NULL),(2117,3,'Scrutineer Licence Number','Pending',NULL,NULL,NULL,NULL,0,0,0,0,NULL),(2118,3,'Date','Pending',NULL,NULL,NULL,NULL,0,0,0,0,'2025-03-27'),(2119,3,'Time','Pending',NULL,NULL,NULL,NULL,0,0,0,0,'00:15:15'),(2120,4,'Bonnet/Engine Cover Secure','Pending',NULL,NULL,NULL,NULL,0,0,0,0,NULL),(2121,4,'Bonnet/Engine Cover Secure','Pending',NULL,NULL,NULL,NULL,0,0,0,0,NULL),(2122,4,'Body Work Secure','Pending',NULL,NULL,NULL,NULL,0,0,0,0,NULL),(2123,4,'Spoilers, Skirts & Flares acceptable','Pending',NULL,NULL,NULL,NULL,0,0,0,0,NULL),(2124,4,'Exhaust System Compliant','Pending',NULL,NULL,NULL,NULL,0,0,0,0,NULL),(2125,4,'Tow Points ','Pending',NULL,NULL,NULL,NULL,0,0,0,0,NULL),(2126,4,'Reverse Gear','Pending',NULL,NULL,NULL,NULL,0,0,0,0,NULL),(2127,4,'Glass Lenses Covered','Pending',NULL,NULL,NULL,NULL,0,0,0,0,NULL),(2128,4,'General Appearance','Pending',NULL,NULL,NULL,NULL,0,0,0,0,NULL),(2129,4,'Brake Lights OEM Position','Pending',NULL,NULL,NULL,NULL,0,0,0,0,NULL),(2130,4,'Tailshaft strap/loop','Pending',NULL,NULL,NULL,NULL,0,0,0,0,NULL),(2131,4,'Wheel/Tyre fitment','Pending',NULL,NULL,NULL,NULL,0,0,0,0,NULL),(2132,4,'Fluid Leaks/Levels','Pending',NULL,NULL,NULL,NULL,0,0,0,0,NULL),(2133,4,'Coolant Catch Tank','Pending',NULL,NULL,NULL,NULL,0,0,0,0,NULL),(2134,4,'Oil Catch Tank - Capacity ','Pending',NULL,NULL,NULL,NULL,0,0,0,0,NULL),(2135,4,'Engine Mounts','Pending',NULL,NULL,NULL,NULL,0,0,0,0,NULL),(2136,4,'Strut Brace','Pending',NULL,NULL,NULL,NULL,0,0,0,0,NULL),(2137,4,'Battery Secure','Pending',NULL,NULL,NULL,NULL,0,0,0,0,NULL),(2138,4,'Throttle Return','Pending',NULL,NULL,NULL,NULL,0,0,0,0,NULL),(2139,4,'Fire Bomb 2.4l Min','Pending',NULL,NULL,NULL,NULL,0,0,1,0,NULL),(2140,4,'Safety Harness and Mounting (5/6 point with FHR','Pending',NULL,NULL,NULL,NULL,1,1,1,0,NULL),(2141,4,'Fixed Race Seat and Mounting','Pending',NULL,NULL,NULL,NULL,0,0,0,0,NULL),(2142,4,'6 Point ROPS and padding','Pending',NULL,NULL,NULL,NULL,0,0,0,1,NULL),(2143,4,'Windscnreen Laminated','Pending',NULL,NULL,NULL,NULL,0,0,0,0,NULL),(2144,4,'Door Trims Fitted','Pending',NULL,NULL,NULL,NULL,0,0,0,0,NULL),(2145,4,'Additional Equiptment Secured','Pending',NULL,NULL,NULL,NULL,0,0,0,0,NULL),(2146,4,'Camera and equiptment Secured','Pending',NULL,NULL,NULL,NULL,0,0,0,0,NULL),(2147,4,'Battery Isolator Required (INT/EXT)','Pending',NULL,NULL,NULL,NULL,0,0,0,0,NULL),(2148,4,'Rear View Mirror (Min 2)','Pending',NULL,NULL,NULL,NULL,0,0,0,0,NULL),(2149,4,'Flame / Liquid Proof Bulkhead','Pending',NULL,NULL,NULL,NULL,0,0,0,0,NULL),(2150,4,'Sealed Hot Liquid Containers','Pending',NULL,NULL,NULL,NULL,0,0,0,0,NULL),(2151,4,'Steering wheel and mounting','Pending',NULL,NULL,NULL,NULL,0,0,0,0,NULL),(2152,4,'Brake Pedal Feel','Pending',NULL,NULL,NULL,NULL,0,0,0,0,NULL),(2153,4,'NOS if fitted','Pending',NULL,NULL,NULL,NULL,0,0,0,0,NULL),(2154,4,'Helmet (Speed event) to suit FHR','Pending',NULL,NULL,NULL,NULL,1,1,0,0,NULL),(2155,4,'Footwear FIA 8856-2000','Pending',NULL,NULL,NULL,NULL,0,0,0,0,NULL),(2156,4,'Gloves FIA 8856-2000','Pending',NULL,NULL,NULL,NULL,0,0,0,0,NULL),(2157,4,'Socks FIA 8856-2000','Pending',NULL,NULL,NULL,NULL,0,0,0,0,NULL),(2158,4,'FHR FIA 8858-2002/2010','Pending',NULL,NULL,NULL,NULL,0,0,0,0,NULL),(2159,4,'Overalls FIA 1986 min','Pending',NULL,NULL,NULL,NULL,0,0,0,0,NULL),(2160,4,'Balaclava FIA 8856-2000','Pending',NULL,NULL,NULL,NULL,0,0,0,0,NULL),(2161,4,'Competition Number','Pending',NULL,NULL,NULL,NULL,0,0,0,0,NULL),(2162,4,'Event Signage','Pending',NULL,NULL,NULL,NULL,0,0,0,0,NULL),(2163,4,'Battery/Isolator location if req','Pending',NULL,NULL,NULL,NULL,0,0,0,0,NULL),(2164,4,'Fire bomb activation if fitted','Pending',NULL,NULL,NULL,NULL,0,0,0,0,NULL),(2165,4,'Tow Point Locations','Pending',NULL,NULL,NULL,NULL,0,0,0,0,NULL),(2166,4,'Logbook Signed','Pending',NULL,NULL,NULL,NULL,0,0,0,0,NULL),(2167,4,'Approved to Start','Pending',NULL,NULL,NULL,NULL,0,0,0,0,NULL),(2168,4,'Vehicle Weight','Pending',NULL,NULL,NULL,NULL,0,0,0,0,NULL),(2169,4,'Scrutineer Name','Pending',NULL,NULL,NULL,NULL,0,0,0,0,NULL),(2170,4,'Scrutineer Licence Number','Pending',NULL,NULL,NULL,NULL,0,0,0,0,NULL),(2171,4,'Date','Pending',NULL,NULL,NULL,NULL,0,0,0,0,NULL),(2172,4,'Time','Pending',NULL,NULL,NULL,NULL,0,0,0,0,NULL),(2173,5,'Bonnet/Engine Cover Secure','Pending',NULL,NULL,NULL,NULL,0,0,0,0,NULL),(2174,5,'Bonnet/Engine Cover Secure','Pending',NULL,NULL,NULL,NULL,0,0,0,0,NULL),(2175,5,'Body Work Secure','Pending',NULL,NULL,NULL,NULL,0,0,0,0,NULL),(2176,5,'Spoilers, Skirts & Flares acceptable','Pending',NULL,NULL,NULL,NULL,0,0,0,0,NULL),(2177,5,'Exhaust System Compliant','Pending',NULL,NULL,NULL,NULL,0,0,0,0,NULL),(2178,5,'Tow Points ','Pending',NULL,NULL,NULL,NULL,0,0,0,0,NULL),(2179,5,'Reverse Gear','Pending',NULL,NULL,NULL,NULL,0,0,0,0,NULL),(2180,5,'Glass Lenses Covered','Pending',NULL,NULL,NULL,NULL,0,0,0,0,NULL),(2181,5,'General Appearance','Pending',NULL,NULL,NULL,NULL,0,0,0,0,NULL),(2182,5,'Brake light, Single Center min, OEM lenses to remain','Pending',NULL,NULL,NULL,NULL,0,0,0,0,NULL),(2183,5,'Tailshaft strap/loop','Pending',NULL,NULL,NULL,NULL,0,0,0,0,NULL),(2184,5,'Wheel/Tyre fitment','Pending',NULL,NULL,NULL,NULL,0,0,0,0,NULL),(2185,5,'Fluid Leaks/Levels','Pending',NULL,NULL,NULL,NULL,0,0,0,0,NULL),(2186,5,'Coolant Catch Tank','Pending',NULL,NULL,NULL,NULL,0,0,0,0,NULL),(2187,5,'Oil Catch Tank - Capacity ','Pending',NULL,NULL,NULL,NULL,0,0,0,0,NULL),(2188,5,'Engine Mounts','Pending',NULL,NULL,NULL,NULL,0,0,0,0,NULL),(2189,5,'Strut Brace','Pending',NULL,NULL,NULL,NULL,0,0,0,0,NULL),(2190,5,'Battery Secure','Pending',NULL,NULL,NULL,NULL,0,0,0,0,NULL),(2191,5,'Throttle Return','Pending',NULL,NULL,NULL,NULL,0,0,0,0,NULL),(2192,5,'Fire Extinguisher (min 1x 900g)','Pending',NULL,NULL,NULL,NULL,0,0,1,0,NULL),(2193,5,'Fire Bomb 2.4l Min','Pending',NULL,NULL,NULL,NULL,0,0,1,0,NULL),(2194,5,'Safety Harness and Mounting (5/6 point with FHR','Pending','None','None',NULL,NULL,1,1,1,0,NULL),(2195,5,'Seat and Mounting 8855-1999 min','Pending','None','None',NULL,NULL,1,1,0,0,NULL),(2196,5,'6 Point ROPS and padding','Pending',NULL,NULL,NULL,'None',0,0,0,1,NULL),(2197,5,'Door Trims Fitted','Pending',NULL,NULL,NULL,NULL,0,0,0,0,NULL),(2198,5,'Additional Equiptment Secured','Pending',NULL,NULL,NULL,NULL,0,0,0,0,NULL),(2199,5,'Camera and equiptment Secured','Pending',NULL,NULL,NULL,NULL,0,0,0,0,NULL),(2200,5,'Battery Isolator Required (INT/EXT)','Pending',NULL,NULL,NULL,NULL,0,0,0,0,NULL),(2201,5,'Rear View Mirror (Min 2) Or Camera','Pending',NULL,NULL,NULL,NULL,0,0,0,0,NULL),(2202,5,'Flame / Liquid Proof Bulkhead','Pending',NULL,NULL,NULL,NULL,0,0,0,0,NULL),(2203,5,'Sealed Hot Liquid Containers','Pending',NULL,NULL,NULL,NULL,0,0,0,0,NULL),(2204,5,'Steering wheel and mounting','Pending',NULL,NULL,NULL,NULL,0,0,0,0,NULL),(2205,5,'Brake Pedal Feel','Pending',NULL,NULL,NULL,NULL,0,0,0,0,NULL),(2206,5,'NOS if fitted','Pending',NULL,NULL,NULL,NULL,0,0,0,0,NULL),(2207,5,'Helmet (Speed event) to suit FHR','Pending','None','None',NULL,NULL,1,1,0,0,NULL),(2208,5,'Footwear FIA 8856-2000','Pending',NULL,NULL,NULL,NULL,0,0,0,0,NULL),(2209,5,'Gloves FIA 8856-2000','Pending',NULL,NULL,NULL,NULL,0,0,0,0,NULL),(2210,5,'Socks FIA 8856-2000','Pending',NULL,NULL,NULL,NULL,0,0,0,0,NULL),(2211,5,'FHR FIA 8858-2002/2010','Pending',NULL,NULL,NULL,NULL,0,0,0,0,NULL),(2212,5,'Overalls FIA 1986 min','Pending',NULL,NULL,NULL,NULL,0,0,0,0,NULL),(2213,5,'Balaclava FIA 8856-2000','Pending',NULL,NULL,NULL,NULL,0,0,0,0,NULL),(2214,5,'Competition Number','Pending',NULL,NULL,NULL,NULL,0,0,0,0,NULL),(2215,5,'Event Signage','Pending',NULL,NULL,NULL,NULL,0,0,0,0,NULL),(2216,5,'Battery/Isolator location if req','Pending',NULL,NULL,NULL,NULL,0,0,0,0,NULL),(2217,5,'Fire bomb activation if fitted','Pending',NULL,NULL,NULL,NULL,0,0,0,0,NULL),(2218,5,'Tow Point Locations','Pass',NULL,NULL,NULL,NULL,0,0,0,0,NULL),(2219,5,'Logbook Signed','Pending',NULL,NULL,NULL,NULL,0,0,0,0,NULL),(2220,5,'Approved to Start','Pass',NULL,NULL,NULL,NULL,0,0,0,0,NULL),(2221,5,'Vehicle Weight','Pending',NULL,NULL,NULL,NULL,0,0,0,0,'233'),(2222,5,'Scrutineer Name','Pending',NULL,NULL,NULL,NULL,0,0,0,0,NULL),(2223,5,'Scrutineer Licence Number','Pending',NULL,NULL,NULL,NULL,0,0,0,0,NULL),(2224,5,'Date','Pending',NULL,NULL,NULL,NULL,0,0,0,0,NULL),(2225,5,'Time','Pending',NULL,NULL,NULL,NULL,0,0,0,0,NULL),(2226,6,'Bonnet/Engine Cover Secure','Pending',NULL,NULL,NULL,NULL,0,0,0,0,NULL),(2227,6,'Bonnet/Engine Cover Secure','Pending',NULL,NULL,NULL,NULL,0,0,0,0,NULL),(2228,6,'Body Work Secure','Pending',NULL,NULL,NULL,NULL,0,0,0,0,NULL),(2229,6,'Spoilers, Skirts & Flares acceptable','Pending',NULL,NULL,NULL,NULL,0,0,0,0,NULL),(2230,6,'Exhaust System Compliant','Pending',NULL,NULL,NULL,NULL,0,0,0,0,NULL),(2231,6,'Tow Points ','Pending',NULL,NULL,NULL,NULL,0,0,0,0,NULL),(2232,6,'Reverse Gear','Pending',NULL,NULL,NULL,NULL,0,0,0,0,NULL),(2233,6,'Glass Lenses Covered','Pending',NULL,NULL,NULL,NULL,0,0,0,0,NULL),(2234,6,'General Appearance','Pending',NULL,NULL,NULL,NULL,0,0,0,0,NULL),(2235,6,'Brake Lights OEM Position','Pending',NULL,NULL,NULL,NULL,0,0,0,0,NULL),(2236,6,'Tailshaft strap/loop','Pending',NULL,NULL,NULL,NULL,0,0,0,0,NULL),(2237,6,'Wheel/Tyre fitment','Pending',NULL,NULL,NULL,NULL,0,0,0,0,NULL),(2238,6,'Fluid Leaks/Levels','Pending',NULL,NULL,NULL,NULL,0,0,0,0,NULL),(2239,6,'Coolant Catch Tank','Pending',NULL,NULL,NULL,NULL,0,0,0,0,NULL),(2240,6,'Oil Catch Tank - Capacity ','Pending',NULL,NULL,NULL,NULL,0,0,0,0,NULL),(2241,6,'Engine Mounts','Pending',NULL,NULL,NULL,NULL,0,0,0,0,NULL),(2242,6,'Strut Brace','Pending',NULL,NULL,NULL,NULL,0,0,0,0,NULL),(2243,6,'Battery Secure','Pending',NULL,NULL,NULL,NULL,0,0,0,0,NULL),(2244,6,'Throttle Return','Pending',NULL,NULL,NULL,NULL,0,0,0,0,NULL),(2245,6,'Fire Extinguisher (min 1x 900g)','Pending',NULL,NULL,NULL,NULL,0,0,1,0,NULL),(2246,6,'Safety Harness and Mounting (5/6 point with FHR','Pending',NULL,NULL,NULL,NULL,1,1,1,0,NULL),(2247,6,'Seat and Mounting','Pending',NULL,NULL,NULL,NULL,0,0,0,0,NULL),(2248,6,'1/2 ROPS and padding','Pending',NULL,NULL,NULL,NULL,0,0,0,1,NULL),(2249,6,'Windows/Windscreen OEM Laminated','Pending',NULL,NULL,NULL,NULL,0,0,0,0,NULL),(2250,6,'OEM Door Trims Fitted','Pending',NULL,NULL,NULL,NULL,0,0,0,0,NULL),(2251,6,'Additional Equiptment Secured','Pending',NULL,NULL,NULL,NULL,0,0,0,0,NULL),(2252,6,'Camera and equiptment Secured','Pending',NULL,NULL,NULL,NULL,0,0,0,0,NULL),(2253,6,'Battery Isolator (Recommended)','Pending',NULL,NULL,NULL,NULL,0,0,0,0,NULL),(2254,6,'Rear View Mirror (Min 2)','Pending',NULL,NULL,NULL,NULL,0,0,0,0,NULL),(2255,6,'Flame / Liquid Proof Bulkhead','Pending',NULL,NULL,NULL,NULL,0,0,0,0,NULL),(2256,6,'Sealed Hot Liquid Containers','Pending',NULL,NULL,NULL,NULL,0,0,0,0,NULL),(2257,6,'Steering wheel and mounting','Pending',NULL,NULL,NULL,NULL,0,0,0,0,NULL),(2258,6,'Brake Pedal Feel','Pending',NULL,NULL,NULL,NULL,0,0,0,0,NULL),(2259,6,'Helmet (Speed event) to suit FHR','Pending',NULL,NULL,NULL,NULL,1,1,0,0,NULL),(2260,6,'Footwear FIA 8856-2000','Pending',NULL,NULL,NULL,NULL,0,0,0,0,NULL),(2261,6,'Gloves FIA 8856-2000','Pending',NULL,NULL,NULL,NULL,0,0,0,0,NULL),(2262,6,'Socks FIA 8856-2000','Pending',NULL,NULL,NULL,NULL,0,0,0,0,NULL),(2263,6,'FHR FIA 8858-2002/2010','Pending',NULL,NULL,NULL,NULL,0,0,0,0,NULL),(2264,6,'Outerwear collars to cuffs','Pending',NULL,NULL,NULL,NULL,0,0,0,0,NULL),(2265,6,'Competition Number','Pending',NULL,NULL,NULL,NULL,0,0,0,0,NULL),(2266,6,'Event Signage','Pending',NULL,NULL,NULL,NULL,0,0,0,0,NULL),(2267,6,'Battery/Isolator location if req','Pending',NULL,NULL,NULL,NULL,0,0,0,0,NULL),(2268,6,'Fire bomb activation if fitted','Pending',NULL,NULL,NULL,NULL,0,0,0,0,NULL),(2269,6,'Tow Point Locations','Pending',NULL,NULL,NULL,NULL,0,0,0,0,NULL),(2270,6,'Logbook Signed','Pending',NULL,NULL,NULL,NULL,0,0,0,0,NULL),(2271,6,'Approved to Start','Pending',NULL,NULL,NULL,NULL,0,0,0,0,NULL),(2272,6,'Vehicle Weight','Pending',NULL,NULL,NULL,NULL,0,0,0,0,NULL),(2273,6,'Scrutineer Name','Pending',NULL,NULL,NULL,NULL,0,0,0,0,NULL),(2274,6,'Scrutineer Licence Number','Pending',NULL,NULL,NULL,NULL,0,0,0,0,NULL),(2275,6,'Date','Pending',NULL,NULL,NULL,NULL,0,0,0,0,NULL),(2276,6,'Time','Pending',NULL,NULL,NULL,NULL,0,0,0,0,NULL),(2277,7,'Bonnet/Engine Cover Secure','Pending',NULL,NULL,NULL,NULL,0,0,0,0,NULL),(2278,7,'Bonnet/Engine Cover Secure','Pending',NULL,NULL,NULL,NULL,0,0,0,0,NULL),(2279,7,'Body Work Secure','Pending',NULL,NULL,NULL,NULL,0,0,0,0,NULL),(2280,7,'Spoilers, Skirts & Flares acceptable','Pending',NULL,NULL,NULL,NULL,0,0,0,0,NULL),(2281,7,'Exhaust System Compliant','Pending',NULL,NULL,NULL,NULL,0,0,0,0,NULL),(2282,7,'Tow Points ','Pending',NULL,NULL,NULL,NULL,0,0,0,0,NULL),(2283,7,'Reverse Gear','Pending',NULL,NULL,NULL,NULL,0,0,0,0,NULL),(2284,7,'Glass Lenses Covered','Pending',NULL,NULL,NULL,NULL,0,0,0,0,NULL),(2285,7,'General Appearance','Pending',NULL,NULL,NULL,NULL,0,0,0,0,NULL),(2286,7,'Brake light, Single Center min, OEM lenses to remain','Pending',NULL,NULL,NULL,NULL,0,0,0,0,NULL),(2287,7,'Tailshaft strap/loop','Pending',NULL,NULL,NULL,NULL,0,0,0,0,NULL),(2288,7,'Wheel/Tyre fitment','Pending',NULL,NULL,NULL,NULL,0,0,0,0,NULL),(2289,7,'Fluid Leaks/Levels','Pending',NULL,NULL,NULL,NULL,0,0,0,0,NULL),(2290,7,'Coolant Catch Tank','Pending',NULL,NULL,NULL,NULL,0,0,0,0,NULL),(2291,7,'Oil Catch Tank - Capacity ','Pending',NULL,NULL,NULL,NULL,0,0,0,0,NULL),(2292,7,'Engine Mounts','Pending',NULL,NULL,NULL,NULL,0,0,0,0,NULL),(2293,7,'Strut Brace','Pending',NULL,NULL,NULL,NULL,0,0,0,0,NULL),(2294,7,'Battery Secure','Pending',NULL,NULL,NULL,NULL,0,0,0,0,NULL),(2295,7,'Throttle Return','Pending',NULL,NULL,NULL,NULL,0,0,0,0,NULL),(2296,7,'Fire Extinguisher (min 1x 900g)','Pending',NULL,NULL,NULL,NULL,0,0,1,0,NULL),(2297,7,'Fire Bomb 2.4l Min','Pending',NULL,NULL,NULL,NULL,0,0,1,0,NULL),(2298,7,'Safety Harness and Mounting (5/6 point with FHR','Pending','None','None',NULL,NULL,1,1,1,0,NULL),(2299,7,'Seat and Mounting 8855-1999 min','Pending','None','None',NULL,NULL,1,1,0,0,NULL),(2300,7,'6 Point ROPS and padding','Pending',NULL,NULL,NULL,'None',0,0,0,1,NULL),(2301,7,'Door Trims Fitted','Pending',NULL,NULL,NULL,NULL,0,0,0,0,NULL),(2302,7,'Additional Equiptment Secured','Pending',NULL,NULL,NULL,NULL,0,0,0,0,NULL),(2303,7,'Camera and equiptment Secured','Pending',NULL,NULL,NULL,NULL,0,0,0,0,NULL),(2304,7,'Battery Isolator Required (INT/EXT)','Pending',NULL,NULL,NULL,NULL,0,0,0,0,NULL),(2305,7,'Rear View Mirror (Min 2) Or Camera','Pending',NULL,NULL,NULL,NULL,0,0,0,0,NULL),(2306,7,'Flame / Liquid Proof Bulkhead','Pending',NULL,NULL,NULL,NULL,0,0,0,0,NULL),(2307,7,'Sealed Hot Liquid Containers','Pending',NULL,NULL,NULL,NULL,0,0,0,0,NULL),(2308,7,'Steering wheel and mounting','Pending',NULL,NULL,NULL,NULL,0,0,0,0,NULL),(2309,7,'Brake Pedal Feel','Pending',NULL,NULL,NULL,NULL,0,0,0,0,NULL),(2310,7,'NOS if fitted','Pending',NULL,NULL,NULL,NULL,0,0,0,0,NULL),(2311,7,'Helmet (Speed event) to suit FHR','Pending','None','None',NULL,NULL,1,1,0,0,NULL),(2312,7,'Footwear FIA 8856-2000','Pending',NULL,NULL,NULL,NULL,0,0,0,0,NULL),(2313,7,'Gloves FIA 8856-2000','Pending',NULL,NULL,NULL,NULL,0,0,0,0,NULL),(2314,7,'Socks FIA 8856-2000','Pending',NULL,NULL,NULL,NULL,0,0,0,0,NULL),(2315,7,'FHR FIA 8858-2002/2010','Pending',NULL,NULL,NULL,NULL,0,0,0,0,NULL),(2316,7,'Overalls FIA 1986 min','Pending',NULL,NULL,NULL,NULL,0,0,0,0,NULL),(2317,7,'Balaclava FIA 8856-2000','Pending',NULL,NULL,NULL,NULL,0,0,0,0,NULL),(2318,7,'Competition Number','Pending',NULL,NULL,NULL,NULL,0,0,0,0,NULL),(2319,7,'Event Signage','Pending',NULL,NULL,NULL,NULL,0,0,0,0,NULL),(2320,7,'Battery/Isolator location if req','Pending',NULL,NULL,NULL,NULL,0,0,0,0,NULL),(2321,7,'Fire bomb activation if fitted','Pending',NULL,NULL,NULL,NULL,0,0,0,0,NULL),(2322,7,'Tow Point Locations','Pending',NULL,NULL,NULL,NULL,0,0,0,0,NULL),(2323,7,'Logbook Signed','Pending',NULL,NULL,NULL,NULL,0,0,0,0,NULL),(2324,7,'Approved to Start','Pass',NULL,NULL,NULL,NULL,0,0,0,0,NULL),(2325,7,'Vehicle Weight','Pending',NULL,NULL,NULL,NULL,0,0,0,0,'777'),(2326,7,'Scrutineer Name','Pending',NULL,NULL,NULL,NULL,0,0,0,0,NULL),(2327,7,'Scrutineer Licence Number','Pending',NULL,NULL,NULL,NULL,0,0,0,0,NULL),(2328,7,'Date','Pending',NULL,NULL,NULL,NULL,0,0,0,0,'2025-03-27'),(2329,7,'Time','Pending',NULL,NULL,NULL,NULL,0,0,0,0,'00:35:30'),(2330,8,'Bonnet/Engine Cover Secure','Pending',NULL,NULL,NULL,NULL,0,0,0,0,NULL),(2331,8,'Bonnet/Engine Cover Secure','Pending',NULL,NULL,NULL,NULL,0,0,0,0,NULL),(2332,8,'Body Work Secure','Pending',NULL,NULL,NULL,NULL,0,0,0,0,NULL),(2333,8,'Spoilers, Skirts & Flares acceptable','Pending',NULL,NULL,NULL,NULL,0,0,0,0,NULL),(2334,8,'Exhaust System Compliant','Pending',NULL,NULL,NULL,NULL,0,0,0,0,NULL),(2335,8,'Tow Points ','Pending',NULL,NULL,NULL,NULL,0,0,0,0,NULL),(2336,8,'Reverse Gear','Pending',NULL,NULL,NULL,NULL,0,0,0,0,NULL),(2337,8,'Glass Lenses Covered','Pending',NULL,NULL,NULL,NULL,0,0,0,0,NULL),(2338,8,'General Appearance','Pending',NULL,NULL,NULL,NULL,0,0,0,0,NULL),(2339,8,'Brake light, Single Center min, OEM lenses to remain','Pending',NULL,NULL,NULL,NULL,0,0,0,0,NULL),(2340,8,'Tailshaft strap/loop','Pending',NULL,NULL,NULL,NULL,0,0,0,0,NULL),(2341,8,'Wheel/Tyre fitment','Pending',NULL,NULL,NULL,NULL,0,0,0,0,NULL),(2342,8,'Fluid Leaks/Levels','Pending',NULL,NULL,NULL,NULL,0,0,0,0,NULL),(2343,8,'Coolant Catch Tank','Pending',NULL,NULL,NULL,NULL,0,0,0,0,NULL),(2344,8,'Oil Catch Tank - Capacity ','Pending',NULL,NULL,NULL,NULL,0,0,0,0,NULL),(2345,8,'Engine Mounts','Pending',NULL,NULL,NULL,NULL,0,0,0,0,NULL),(2346,8,'Strut Brace','Pending',NULL,NULL,NULL,NULL,0,0,0,0,NULL),(2347,8,'Battery Secure','Pending',NULL,NULL,NULL,NULL,0,0,0,0,NULL),(2348,8,'Throttle Return','Pending',NULL,NULL,NULL,NULL,0,0,0,0,NULL),(2349,8,'Fire Extinguisher (min 1x 900g)','Pending',NULL,NULL,NULL,NULL,0,0,1,0,NULL),(2350,8,'Fire Bomb 2.4l Min','Pending',NULL,NULL,NULL,NULL,0,0,1,0,NULL),(2351,8,'Safety Harness and Mounting (5/6 point with FHR','Pending',NULL,NULL,NULL,NULL,1,1,1,0,NULL),(2352,8,'Seat and Mounting 8855-1999 min','Pending',NULL,NULL,NULL,NULL,1,1,0,0,NULL),(2353,8,'6 Point ROPS and padding','Pending',NULL,NULL,NULL,NULL,0,0,0,1,NULL),(2354,8,'Door Trims Fitted','Pending',NULL,NULL,NULL,NULL,0,0,0,0,NULL),(2355,8,'Additional Equiptment Secured','Pending',NULL,NULL,NULL,NULL,0,0,0,0,NULL),(2356,8,'Camera and equiptment Secured','Pending',NULL,NULL,NULL,NULL,0,0,0,0,NULL),(2357,8,'Battery Isolator Required (INT/EXT)','Pending',NULL,NULL,NULL,NULL,0,0,0,0,NULL),(2358,8,'Rear View Mirror (Min 2) Or Camera','Pending',NULL,NULL,NULL,NULL,0,0,0,0,NULL),(2359,8,'Flame / Liquid Proof Bulkhead','Pending',NULL,NULL,NULL,NULL,0,0,0,0,NULL),(2360,8,'Sealed Hot Liquid Containers','Pending',NULL,NULL,NULL,NULL,0,0,0,0,NULL),(2361,8,'Steering wheel and mounting','Pending',NULL,NULL,NULL,NULL,0,0,0,0,NULL),(2362,8,'Brake Pedal Feel','Pending',NULL,NULL,NULL,NULL,0,0,0,0,NULL),(2363,8,'NOS if fitted','Pending',NULL,NULL,NULL,NULL,0,0,0,0,NULL),(2364,8,'Helmet (Speed event) to suit FHR','Pending',NULL,NULL,NULL,NULL,1,1,0,0,NULL),(2365,8,'Footwear FIA 8856-2000','Pending',NULL,NULL,NULL,NULL,0,0,0,0,NULL),(2366,8,'Gloves FIA 8856-2000','Pending',NULL,NULL,NULL,NULL,0,0,0,0,NULL),(2367,8,'Socks FIA 8856-2000','Pending',NULL,NULL,NULL,NULL,0,0,0,0,NULL),(2368,8,'FHR FIA 8858-2002/2010','Pending',NULL,NULL,NULL,NULL,0,0,0,0,NULL),(2369,8,'Overalls FIA 1986 min','Pending',NULL,NULL,NULL,NULL,0,0,0,0,NULL),(2370,8,'Balaclava FIA 8856-2000','Pending',NULL,NULL,NULL,NULL,0,0,0,0,NULL),(2371,8,'Competition Number','Pending',NULL,NULL,NULL,NULL,0,0,0,0,NULL),(2372,8,'Event Signage','Pending',NULL,NULL,NULL,NULL,0,0,0,0,NULL),(2373,8,'Battery/Isolator location if req','Pending',NULL,NULL,NULL,NULL,0,0,0,0,NULL),(2374,8,'Fire bomb activation if fitted','Pending',NULL,NULL,NULL,NULL,0,0,0,0,NULL),(2375,8,'Tow Point Locations','Pending',NULL,NULL,NULL,NULL,0,0,0,0,NULL),(2376,8,'Logbook Signed','Pending',NULL,NULL,NULL,NULL,0,0,0,0,NULL),(2377,8,'Approved to Start','Pending',NULL,NULL,NULL,NULL,0,0,0,0,NULL),(2378,8,'Vehicle Weight','Pending',NULL,NULL,NULL,NULL,0,0,0,0,NULL),(2379,8,'Scrutineer Name','Pending',NULL,NULL,NULL,NULL,0,0,0,0,NULL),(2380,8,'Scrutineer Licence Number','Pending',NULL,NULL,NULL,NULL,0,0,0,0,NULL),(2381,8,'Date','Pending',NULL,NULL,NULL,NULL,0,0,0,0,NULL),(2382,8,'Time','Pending',NULL,NULL,NULL,NULL,0,0,0,0,NULL),(2383,9,'Bonnet/Engine Cover Secure','Pending',NULL,NULL,NULL,NULL,0,0,0,0,NULL),(2384,9,'Bonnet/Engine Cover Secure','Pending',NULL,NULL,NULL,NULL,0,0,0,0,NULL),(2385,9,'Body Work Secure','Pending',NULL,NULL,NULL,NULL,0,0,0,0,NULL),(2386,9,'Spoilers, Skirts & Flares acceptable','Pending',NULL,NULL,NULL,NULL,0,0,0,0,NULL),(2387,9,'Exhaust System Compliant','Pending',NULL,NULL,NULL,NULL,0,0,0,0,NULL),(2388,9,'Tow Points ','Pending',NULL,NULL,NULL,NULL,0,0,0,0,NULL),(2389,9,'Reverse Gear','Pending',NULL,NULL,NULL,NULL,0,0,0,0,NULL),(2390,9,'Glass Lenses Covered','Pending',NULL,NULL,NULL,NULL,0,0,0,0,NULL),(2391,9,'General Appearance','Pending',NULL,NULL,NULL,NULL,0,0,0,0,NULL),(2392,9,'Brake Lights OEM Position','Pending',NULL,NULL,NULL,NULL,0,0,0,0,NULL),(2393,9,'Tailshaft strap/loop','Pending',NULL,NULL,NULL,NULL,0,0,0,0,NULL),(2394,9,'Wheel/Tyre fitment','Pending',NULL,NULL,NULL,NULL,0,0,0,0,NULL),(2395,9,'Fluid Leaks/Levels','Pending',NULL,NULL,NULL,NULL,0,0,0,0,NULL),(2396,9,'Coolant Catch Tank','Pending',NULL,NULL,NULL,NULL,0,0,0,0,NULL),(2397,9,'Oil Catch Tank - Capacity ','Pending',NULL,NULL,NULL,NULL,0,0,0,0,NULL),(2398,9,'Engine Mounts','Pending',NULL,NULL,NULL,NULL,0,0,0,0,NULL),(2399,9,'Strut Brace','Pending',NULL,NULL,NULL,NULL,0,0,0,0,NULL),(2400,9,'Battery Secure','Pending',NULL,NULL,NULL,NULL,0,0,0,0,NULL),(2401,9,'Throttle Return','Pending',NULL,NULL,NULL,NULL,0,0,0,0,NULL),(2402,9,'Fire Bomb 2.4l Min','Pending',NULL,NULL,NULL,NULL,0,0,1,0,NULL),(2403,9,'Safety Harness and Mounting (5/6 point with FHR','Pending',NULL,NULL,NULL,NULL,1,1,1,0,NULL),(2404,9,'Fixed Race Seat and Mounting','Pending',NULL,NULL,NULL,NULL,0,0,0,0,NULL),(2405,9,'6 Point ROPS and padding','Pending',NULL,NULL,NULL,NULL,0,0,0,1,NULL),(2406,9,'Windscnreen Laminated','Pending',NULL,NULL,NULL,NULL,0,0,0,0,NULL),(2407,9,'Door Trims Fitted','Pending',NULL,NULL,NULL,NULL,0,0,0,0,NULL),(2408,9,'Additional Equiptment Secured','Pending',NULL,NULL,NULL,NULL,0,0,0,0,NULL),(2409,9,'Camera and equiptment Secured','Pending',NULL,NULL,NULL,NULL,0,0,0,0,NULL),(2410,9,'Battery Isolator Required (INT/EXT)','Pending',NULL,NULL,NULL,NULL,0,0,0,0,NULL),(2411,9,'Rear View Mirror (Min 2)','Pending',NULL,NULL,NULL,NULL,0,0,0,0,NULL),(2412,9,'Flame / Liquid Proof Bulkhead','Pending',NULL,NULL,NULL,NULL,0,0,0,0,NULL),(2413,9,'Sealed Hot Liquid Containers','Pending',NULL,NULL,NULL,NULL,0,0,0,0,NULL),(2414,9,'Steering wheel and mounting','Pending',NULL,NULL,NULL,NULL,0,0,0,0,NULL),(2415,9,'Brake Pedal Feel','Pending',NULL,NULL,NULL,NULL,0,0,0,0,NULL),(2416,9,'NOS if fitted','Pending',NULL,NULL,NULL,NULL,0,0,0,0,NULL),(2417,9,'Helmet (Speed event) to suit FHR','Pending',NULL,NULL,NULL,NULL,1,1,0,0,NULL),(2418,9,'Footwear FIA 8856-2000','Pending',NULL,NULL,NULL,NULL,0,0,0,0,NULL),(2419,9,'Gloves FIA 8856-2000','Pending',NULL,NULL,NULL,NULL,0,0,0,0,NULL),(2420,9,'Socks FIA 8856-2000','Pending',NULL,NULL,NULL,NULL,0,0,0,0,NULL),(2421,9,'FHR FIA 8858-2002/2010','Pending',NULL,NULL,NULL,NULL,0,0,0,0,NULL),(2422,9,'Overalls FIA 1986 min','Pending',NULL,NULL,NULL,NULL,0,0,0,0,NULL),(2423,9,'Balaclava FIA 8856-2000','Pending',NULL,NULL,NULL,NULL,0,0,0,0,NULL),(2424,9,'Competition Number','Pending',NULL,NULL,NULL,NULL,0,0,0,0,NULL),(2425,9,'Event Signage','Pending',NULL,NULL,NULL,NULL,0,0,0,0,NULL),(2426,9,'Battery/Isolator location if req','Pending',NULL,NULL,NULL,NULL,0,0,0,0,NULL),(2427,9,'Fire bomb activation if fitted','Pending',NULL,NULL,NULL,NULL,0,0,0,0,NULL),(2428,9,'Tow Point Locations','Pending',NULL,NULL,NULL,NULL,0,0,0,0,NULL),(2429,9,'Logbook Signed','Pending',NULL,NULL,NULL,NULL,0,0,0,0,NULL),(2430,9,'Approved to Start','Pending',NULL,NULL,NULL,NULL,0,0,0,0,NULL),(2431,9,'Vehicle Weight','Pending',NULL,NULL,NULL,NULL,0,0,0,0,NULL),(2432,9,'Scrutineer Name','Pending',NULL,NULL,NULL,NULL,0,0,0,0,NULL),(2433,9,'Scrutineer Licence Number','Pending',NULL,NULL,NULL,NULL,0,0,0,0,NULL),(2434,9,'Date','Pending',NULL,NULL,NULL,NULL,0,0,0,0,NULL),(2435,9,'Time','Pending',NULL,NULL,NULL,NULL,0,0,0,0,NULL),(2436,10,'Bonnet/Engine Cover Secure','Pending',NULL,NULL,NULL,NULL,0,0,0,0,NULL),(2437,10,'Bonnet/Engine Cover Secure','Pending',NULL,NULL,NULL,NULL,0,0,0,0,NULL),(2438,10,'Body Work Secure','Pending',NULL,NULL,NULL,NULL,0,0,0,0,NULL),(2439,10,'Spoilers, Skirts & Flares acceptable','Pending',NULL,NULL,NULL,NULL,0,0,0,0,NULL),(2440,10,'Exhaust System Compliant','Pending',NULL,NULL,NULL,NULL,0,0,0,0,NULL),(2441,10,'Tow Points ','Pending',NULL,NULL,NULL,NULL,0,0,0,0,NULL),(2442,10,'Reverse Gear','Pending',NULL,NULL,NULL,NULL,0,0,0,0,NULL),(2443,10,'Glass Lenses Covered','Pending',NULL,NULL,NULL,NULL,0,0,0,0,NULL),(2444,10,'General Appearance','Pending',NULL,NULL,NULL,NULL,0,0,0,0,NULL),(2445,10,'Brake lights','Pending',NULL,NULL,NULL,NULL,0,0,0,0,NULL),(2446,10,'Fluid Leaks/Levels','Pending',NULL,NULL,NULL,NULL,0,0,0,0,NULL),(2447,10,'Coolant Catch Tank','Pending',NULL,NULL,NULL,NULL,0,0,0,0,NULL),(2448,10,'Oil Catch Tank - Capacity ','Pending',NULL,NULL,NULL,NULL,0,0,0,0,NULL),(2449,10,'Battery Secure','Pending',NULL,NULL,NULL,NULL,0,0,0,0,NULL),(2450,10,'Throttle Return','Pending',NULL,NULL,NULL,NULL,0,0,0,0,NULL),(2451,10,'Fire Extinguisher (min 1x 900g)','Pending',NULL,NULL,NULL,NULL,0,0,1,0,NULL),(2452,10,'Harness/Seatbelt and mounting','Pending',NULL,NULL,NULL,NULL,1,1,1,0,NULL),(2453,10,'Seat and Mounting','Pending',NULL,NULL,NULL,NULL,0,0,0,0,NULL),(2454,10,'Rops / Padding If fitted','Pending',NULL,NULL,NULL,NULL,0,0,0,1,NULL),(2455,10,'Windscnreen Laminated','Pending',NULL,NULL,NULL,NULL,0,0,0,0,NULL),(2456,10,'Additional Equiptment Secured','Pending',NULL,NULL,NULL,NULL,0,0,0,0,NULL),(2457,10,'Camera and equiptment Secured','Pending',NULL,NULL,NULL,NULL,0,0,0,0,NULL),(2458,10,'Battery Isolator (Recommended)','Pending',NULL,NULL,NULL,NULL,0,0,0,0,NULL),(2459,10,'Rear View Mirror (Min 2)','Pending',NULL,NULL,NULL,NULL,0,0,0,0,NULL),(2460,10,'Flame / Liquid Proof Bulkhead','Pending',NULL,NULL,NULL,NULL,0,0,0,0,NULL),(2461,10,'Sealed Hot Liquid Containers','Pending',NULL,NULL,NULL,NULL,0,0,0,0,NULL),(2462,10,'Steering wheel and mounting','Pending',NULL,NULL,NULL,NULL,0,0,0,0,NULL),(2463,10,'Brake Pedal Feel','Pending',NULL,NULL,NULL,NULL,0,0,0,0,NULL),(2464,10,'Helmet (Speed event) ','Pending',NULL,NULL,NULL,NULL,1,1,0,0,NULL),(2465,10,'Outerwear collars to cuffs','Pending',NULL,NULL,NULL,NULL,0,0,0,0,NULL),(2466,10,'Footwear enclosed leather','Pending',NULL,NULL,NULL,NULL,0,0,0,0,NULL),(2467,10,'Competition Number','Pending',NULL,NULL,NULL,NULL,0,0,0,0,NULL),(2468,10,'Event Signage','Pending',NULL,NULL,NULL,NULL,0,0,0,0,NULL),(2469,10,'Battery/Isolator location if req','Pending',NULL,NULL,NULL,NULL,0,0,0,0,NULL),(2470,10,'Fire bomb activation if fitted','Pending',NULL,NULL,NULL,NULL,0,0,0,0,NULL),(2471,10,'Tow Point Locations','Pending',NULL,NULL,NULL,NULL,0,0,0,0,NULL),(2472,10,'Logbook Signed','Pending',NULL,NULL,NULL,NULL,0,0,0,0,NULL),(2473,10,'Approved to Start','Pending',NULL,NULL,NULL,NULL,0,0,0,0,NULL),(2474,10,'Vehicle Weight','Pending',NULL,NULL,NULL,NULL,0,0,0,0,NULL),(2475,10,'Scrutineer Name','Pending',NULL,NULL,NULL,NULL,0,0,0,0,NULL),(2476,10,'Scrutineer Licence Number','Pending',NULL,NULL,NULL,NULL,0,0,0,0,NULL),(2477,10,'Date','Pending',NULL,NULL,NULL,NULL,0,0,0,0,NULL),(2478,10,'Time','Pending',NULL,NULL,NULL,NULL,0,0,0,0,NULL),(2479,11,'Bonnet/Engine Cover Secure','Pass',NULL,NULL,NULL,NULL,0,0,0,0,NULL),(2480,11,'Bonnet/Engine Cover Secure','Pass',NULL,NULL,NULL,NULL,0,0,0,0,NULL),(2481,11,'Body Work Secure','Pass',NULL,NULL,NULL,NULL,0,0,0,0,NULL),(2482,11,'Spoilers, Skirts & Flares acceptable','Pass',NULL,NULL,NULL,NULL,0,0,0,0,NULL),(2483,11,'Exhaust System Compliant','Pass',NULL,NULL,NULL,NULL,0,0,0,0,NULL),(2484,11,'Tow Points ','Pass',NULL,NULL,NULL,NULL,0,0,0,0,NULL),(2485,11,'Reverse Gear','Pass',NULL,NULL,NULL,NULL,0,0,0,0,NULL),(2486,11,'Glass Lenses Covered','Pass',NULL,NULL,NULL,NULL,0,0,0,0,NULL),(2487,11,'General Appearance','Pass',NULL,NULL,NULL,NULL,0,0,0,0,NULL),(2488,11,'Brake Lights OEM Position','Pass',NULL,NULL,NULL,NULL,0,0,0,0,NULL),(2489,11,'Tailshaft strap/loop','Pass',NULL,NULL,NULL,NULL,0,0,0,0,NULL),(2490,11,'Wheel/Tyre fitment','Pass',NULL,NULL,NULL,NULL,0,0,0,0,NULL),(2491,11,'Fluid Leaks/Levels','Pass',NULL,NULL,NULL,NULL,0,0,0,0,NULL),(2492,11,'Coolant Catch Tank','Pass',NULL,NULL,NULL,NULL,0,0,0,0,NULL),(2493,11,'Oil Catch Tank - Capacity ','Pass',NULL,NULL,NULL,NULL,0,0,0,0,NULL),(2494,11,'Engine Mounts','Pass',NULL,NULL,NULL,NULL,0,0,0,0,NULL),(2495,11,'Strut Brace','Pass',NULL,NULL,NULL,NULL,0,0,0,0,NULL),(2496,11,'Battery Secure','Pass',NULL,NULL,NULL,NULL,0,0,0,0,NULL),(2497,11,'Throttle Return','Pass',NULL,NULL,NULL,NULL,0,0,0,0,NULL),(2498,11,'Fire Bomb 2.4l Min','Pass',NULL,NULL,NULL,NULL,0,0,1,0,NULL),(2499,11,'Safety Harness and Mounting (5/6 point with FHR','Pass','None','None',NULL,NULL,1,1,1,0,NULL),(2500,11,'Fixed Race Seat and Mounting','Pass',NULL,NULL,NULL,NULL,0,0,0,0,NULL),(2501,11,'6 Point ROPS and padding','Pass',NULL,NULL,NULL,'None',0,0,0,1,NULL),(2502,11,'Windscnreen Laminated','Pass',NULL,NULL,NULL,NULL,0,0,0,0,NULL),(2503,11,'Door Trims Fitted','Pass',NULL,NULL,NULL,NULL,0,0,0,0,NULL),(2504,11,'Additional Equiptment Secured','Pass',NULL,NULL,NULL,NULL,0,0,0,0,NULL),(2505,11,'Camera and equiptment Secured','Pass',NULL,NULL,NULL,NULL,0,0,0,0,NULL),(2506,11,'Battery Isolator Required (INT/EXT)','Pass',NULL,NULL,NULL,NULL,0,0,0,0,NULL),(2507,11,'Rear View Mirror (Min 2)','Pass',NULL,NULL,NULL,NULL,0,0,0,0,NULL),(2508,11,'Flame / Liquid Proof Bulkhead','Pass',NULL,NULL,NULL,NULL,0,0,0,0,NULL),(2509,11,'Sealed Hot Liquid Containers','Pass',NULL,NULL,NULL,NULL,0,0,0,0,NULL),(2510,11,'Steering wheel and mounting','Pass',NULL,NULL,NULL,NULL,0,0,0,0,NULL),(2511,11,'Brake Pedal Feel','Pass',NULL,NULL,NULL,NULL,0,0,0,0,NULL),(2512,11,'NOS if fitted','Pass',NULL,NULL,NULL,NULL,0,0,0,0,NULL),(2513,11,'Helmet (Speed event) to suit FHR','Pass','None','None',NULL,NULL,1,1,0,0,NULL),(2514,11,'Footwear FIA 8856-2000','Pass',NULL,NULL,NULL,NULL,0,0,0,0,NULL),(2515,11,'Gloves FIA 8856-2000','Pass',NULL,NULL,NULL,NULL,0,0,0,0,NULL),(2516,11,'Socks FIA 8856-2000','Pass',NULL,NULL,NULL,NULL,0,0,0,0,NULL),(2517,11,'FHR FIA 8858-2002/2010','Pass',NULL,NULL,NULL,NULL,0,0,0,0,NULL),(2518,11,'Overalls FIA 1986 min','Pass',NULL,NULL,NULL,NULL,0,0,0,0,NULL),(2519,11,'Balaclava FIA 8856-2000','Pass',NULL,NULL,NULL,NULL,0,0,0,0,NULL),(2520,11,'Competition Number','Pass',NULL,NULL,NULL,NULL,0,0,0,0,NULL),(2521,11,'Event Signage','Pass',NULL,NULL,NULL,NULL,0,0,0,0,NULL),(2522,11,'Battery/Isolator location if req','Pass',NULL,NULL,NULL,NULL,0,0,0,0,NULL),(2523,11,'Fire bomb activation if fitted','Pass',NULL,NULL,NULL,NULL,0,0,0,0,NULL),(2524,11,'Tow Point Locations','Pass',NULL,NULL,NULL,NULL,0,0,0,0,NULL),(2525,11,'Logbook Signed','Pass',NULL,NULL,NULL,NULL,0,0,0,0,NULL),(2526,11,'Approved to Start','Pass',NULL,NULL,NULL,NULL,0,0,0,0,NULL),(2527,11,'Vehicle Weight','Pending',NULL,NULL,NULL,NULL,0,0,0,0,'322'),(2528,11,'Scrutineer Name','Pending',NULL,NULL,NULL,NULL,0,0,0,0,NULL),(2529,11,'Scrutineer Licence Number','Pending',NULL,NULL,NULL,NULL,0,0,0,0,NULL),(2530,11,'Date','Pending',NULL,NULL,NULL,NULL,0,0,0,0,'2025-03-27'),(2531,11,'Time','Pending',NULL,NULL,NULL,NULL,0,0,0,0,'00:00:32'),(2532,12,'Bonnet/Engine Cover Secure','Pass',NULL,NULL,NULL,NULL,0,0,0,0,NULL),(2533,12,'Bonnet/Engine Cover Secure','Pass',NULL,NULL,NULL,NULL,0,0,0,0,NULL),(2534,12,'Body Work Secure','Pass',NULL,NULL,NULL,NULL,0,0,0,0,NULL),(2535,12,'Spoilers, Skirts & Flares acceptable','Pass',NULL,NULL,NULL,NULL,0,0,0,0,NULL),(2536,12,'Exhaust System Compliant','Pass',NULL,NULL,NULL,NULL,0,0,0,0,NULL),(2537,12,'Tow Points ','Pass',NULL,NULL,NULL,NULL,0,0,0,0,NULL),(2538,12,'Reverse Gear','Pass',NULL,NULL,NULL,NULL,0,0,0,0,NULL),(2539,12,'Glass Lenses Covered','Pass',NULL,NULL,NULL,NULL,0,0,0,0,NULL),(2540,12,'General Appearance','Pass',NULL,NULL,NULL,NULL,0,0,0,0,NULL),(2541,12,'Brake Lights OEM Position','Pass',NULL,NULL,NULL,NULL,0,0,0,0,NULL),(2542,12,'Tailshaft strap/loop','Pass',NULL,NULL,NULL,NULL,0,0,0,0,NULL),(2543,12,'Wheel/Tyre fitment','Pass',NULL,NULL,NULL,NULL,0,0,0,0,NULL),(2544,12,'Fluid Leaks/Levels','Pass',NULL,NULL,NULL,NULL,0,0,0,0,NULL),(2545,12,'Coolant Catch Tank','Pass',NULL,NULL,NULL,NULL,0,0,0,0,NULL),(2546,12,'Oil Catch Tank - Capacity ','Pass',NULL,NULL,NULL,NULL,0,0,0,0,NULL),(2547,12,'Engine Mounts','Pass',NULL,NULL,NULL,NULL,0,0,0,0,NULL),(2548,12,'Strut Brace','Pass',NULL,NULL,NULL,NULL,0,0,0,0,NULL),(2549,12,'Battery Secure','Pass',NULL,NULL,NULL,NULL,0,0,0,0,NULL),(2550,12,'Throttle Return','Pass',NULL,NULL,NULL,NULL,0,0,0,0,NULL),(2551,12,'Fire Extinguisher (min 1x 900g)','Pass',NULL,NULL,NULL,NULL,0,0,1,0,NULL),(2552,12,'Safety Harness and Mounting (5/6 point with FHR','Pass','None','None',NULL,NULL,1,1,1,0,NULL),(2553,12,'Seat and Mounting','Pass',NULL,NULL,NULL,NULL,0,0,0,0,NULL),(2554,12,'1/2 ROPS and padding','Pass',NULL,NULL,NULL,'None',0,0,0,1,NULL),(2555,12,'Windows/Windscreen OEM Laminated','Pass',NULL,NULL,NULL,NULL,0,0,0,0,NULL),(2556,12,'OEM Door Trims Fitted','Pass',NULL,NULL,NULL,NULL,0,0,0,0,NULL),(2557,12,'Additional Equiptment Secured','Pass',NULL,NULL,NULL,NULL,0,0,0,0,NULL),(2558,12,'Camera and equiptment Secured','Pass',NULL,NULL,NULL,NULL,0,0,0,0,NULL),(2559,12,'Battery Isolator (Recommended)','Pass',NULL,NULL,NULL,NULL,0,0,0,0,NULL),(2560,12,'Rear View Mirror (Min 2)','Pass',NULL,NULL,NULL,NULL,0,0,0,0,NULL),(2561,12,'Flame / Liquid Proof Bulkhead','Pass',NULL,NULL,NULL,NULL,0,0,0,0,NULL),(2562,12,'Sealed Hot Liquid Containers','Pass',NULL,NULL,NULL,NULL,0,0,0,0,NULL),(2563,12,'Steering wheel and mounting','Pass',NULL,NULL,NULL,NULL,0,0,0,0,NULL),(2564,12,'Brake Pedal Feel','Pass',NULL,NULL,NULL,NULL,0,0,0,0,NULL),(2565,12,'Helmet (Speed event) to suit FHR','Pass','None','None',NULL,NULL,1,1,0,0,NULL),(2566,12,'Footwear FIA 8856-2000','Pass',NULL,NULL,NULL,NULL,0,0,0,0,NULL),(2567,12,'Gloves FIA 8856-2000','Pass',NULL,NULL,NULL,NULL,0,0,0,0,NULL),(2568,12,'Socks FIA 8856-2000','Pass',NULL,NULL,NULL,NULL,0,0,0,0,NULL),(2569,12,'FHR FIA 8858-2002/2010','Pass',NULL,NULL,NULL,NULL,0,0,0,0,NULL),(2570,12,'Outerwear collars to cuffs','Pass',NULL,NULL,NULL,NULL,0,0,0,0,NULL),(2571,12,'Competition Number','Pass',NULL,NULL,NULL,NULL,0,0,0,0,NULL),(2572,12,'Event Signage','Pass',NULL,NULL,NULL,NULL,0,0,0,0,NULL),(2573,12,'Battery/Isolator location if req','Pass',NULL,NULL,NULL,NULL,0,0,0,0,NULL),(2574,12,'Fire bomb activation if fitted','Pass',NULL,NULL,NULL,NULL,0,0,0,0,NULL),(2575,12,'Tow Point Locations','Pass',NULL,NULL,NULL,NULL,0,0,0,0,NULL),(2576,12,'Logbook Signed','Pass',NULL,NULL,NULL,NULL,0,0,0,0,NULL),(2577,12,'Approved to Start','Pass',NULL,NULL,NULL,NULL,0,0,0,0,NULL),(2578,12,'Vehicle Weight','Pending',NULL,NULL,NULL,NULL,0,0,0,0,'332'),(2579,12,'Scrutineer Name','Pending',NULL,NULL,NULL,NULL,0,0,0,0,NULL),(2580,12,'Scrutineer Licence Number','Pending',NULL,NULL,NULL,NULL,0,0,0,0,NULL),(2581,12,'Date','Pending',NULL,NULL,NULL,NULL,0,0,0,0,'2025-03-27'),(2582,12,'Time','Pending',NULL,NULL,NULL,NULL,0,0,0,0,'00:12:12'),(2583,13,'Bonnet/Engine Cover Secure','Pending',NULL,NULL,NULL,NULL,0,0,0,0,NULL),(2584,13,'Bonnet/Engine Cover Secure','Pending',NULL,NULL,NULL,NULL,0,0,0,0,NULL),(2585,13,'Body Work Secure','Pending',NULL,NULL,NULL,NULL,0,0,0,0,NULL),(2586,13,'Spoilers, Skirts & Flares acceptable','Pending',NULL,NULL,NULL,NULL,0,0,0,0,NULL),(2587,13,'Exhaust System Compliant','Pending',NULL,NULL,NULL,NULL,0,0,0,0,NULL),(2588,13,'Tow Points ','Pending',NULL,NULL,NULL,NULL,0,0,0,0,NULL),(2589,13,'Reverse Gear','Pending',NULL,NULL,NULL,NULL,0,0,0,0,NULL),(2590,13,'Glass Lenses Covered','Pending',NULL,NULL,NULL,NULL,0,0,0,0,NULL),(2591,13,'General Appearance','Pending',NULL,NULL,NULL,NULL,0,0,0,0,NULL),(2592,13,'Brake Lights OEM Position','Pending',NULL,NULL,NULL,NULL,0,0,0,0,NULL),(2593,13,'Tailshaft strap/loop','Pending',NULL,NULL,NULL,NULL,0,0,0,0,NULL),(2594,13,'Wheel/Tyre fitment','Pending',NULL,NULL,NULL,NULL,0,0,0,0,NULL),(2595,13,'Fluid Leaks/Levels','Pending',NULL,NULL,NULL,NULL,0,0,0,0,NULL),(2596,13,'Coolant Catch Tank','Pending',NULL,NULL,NULL,NULL,0,0,0,0,NULL),(2597,13,'Oil Catch Tank - Capacity ','Pending',NULL,NULL,NULL,NULL,0,0,0,0,NULL),(2598,13,'Engine Mounts','Pending',NULL,NULL,NULL,NULL,0,0,0,0,NULL),(2599,13,'Strut Brace','Pending',NULL,NULL,NULL,NULL,0,0,0,0,NULL),(2600,13,'Battery Secure','Pending',NULL,NULL,NULL,NULL,0,0,0,0,NULL),(2601,13,'Throttle Return','Pending',NULL,NULL,NULL,NULL,0,0,0,0,NULL),(2602,13,'Fire Bomb 2.4l Min','Pending',NULL,NULL,NULL,NULL,0,0,1,0,NULL),(2603,13,'Safety Harness and Mounting (5/6 point with FHR','Pending',NULL,NULL,NULL,NULL,1,1,1,0,NULL),(2604,13,'Fixed Race Seat and Mounting','Pending',NULL,NULL,NULL,NULL,0,0,0,0,NULL),(2605,13,'6 Point ROPS and padding','Pending',NULL,NULL,NULL,NULL,0,0,0,1,NULL),(2606,13,'Windscnreen Laminated','Pending',NULL,NULL,NULL,NULL,0,0,0,0,NULL),(2607,13,'Door Trims Fitted','Pending',NULL,NULL,NULL,NULL,0,0,0,0,NULL),(2608,13,'Additional Equiptment Secured','Pending',NULL,NULL,NULL,NULL,0,0,0,0,NULL),(2609,13,'Camera and equiptment Secured','Pending',NULL,NULL,NULL,NULL,0,0,0,0,NULL),(2610,13,'Battery Isolator Required (INT/EXT)','Pending',NULL,NULL,NULL,NULL,0,0,0,0,NULL),(2611,13,'Rear View Mirror (Min 2)','Pending',NULL,NULL,NULL,NULL,0,0,0,0,NULL),(2612,13,'Flame / Liquid Proof Bulkhead','Pending',NULL,NULL,NULL,NULL,0,0,0,0,NULL),(2613,13,'Sealed Hot Liquid Containers','Pending',NULL,NULL,NULL,NULL,0,0,0,0,NULL),(2614,13,'Steering wheel and mounting','Pending',NULL,NULL,NULL,NULL,0,0,0,0,NULL),(2615,13,'Brake Pedal Feel','Pending',NULL,NULL,NULL,NULL,0,0,0,0,NULL),(2616,13,'NOS if fitted','Pending',NULL,NULL,NULL,NULL,0,0,0,0,NULL),(2617,13,'Helmet (Speed event) to suit FHR','Pending',NULL,NULL,NULL,NULL,1,1,0,0,NULL),(2618,13,'Footwear FIA 8856-2000','Pending',NULL,NULL,NULL,NULL,0,0,0,0,NULL),(2619,13,'Gloves FIA 8856-2000','Pending',NULL,NULL,NULL,NULL,0,0,0,0,NULL),(2620,13,'Socks FIA 8856-2000','Pending',NULL,NULL,NULL,NULL,0,0,0,0,NULL),(2621,13,'FHR FIA 8858-2002/2010','Pending',NULL,NULL,NULL,NULL,0,0,0,0,NULL),(2622,13,'Overalls FIA 1986 min','Pending',NULL,NULL,NULL,NULL,0,0,0,0,NULL),(2623,13,'Balaclava FIA 8856-2000','Pending',NULL,NULL,NULL,NULL,0,0,0,0,NULL),(2624,13,'Competition Number','Pending',NULL,NULL,NULL,NULL,0,0,0,0,NULL),(2625,13,'Event Signage','Pending',NULL,NULL,NULL,NULL,0,0,0,0,NULL),(2626,13,'Battery/Isolator location if req','Pending',NULL,NULL,NULL,NULL,0,0,0,0,NULL),(2627,13,'Fire bomb activation if fitted','Pending',NULL,NULL,NULL,NULL,0,0,0,0,NULL),(2628,13,'Tow Point Locations','Pending',NULL,NULL,NULL,NULL,0,0,0,0,NULL),(2629,13,'Logbook Signed','Pending',NULL,NULL,NULL,NULL,0,0,0,0,NULL),(2630,13,'Approved to Start','Pending',NULL,NULL,NULL,NULL,0,0,0,0,NULL),(2631,13,'Vehicle Weight','Pending',NULL,NULL,NULL,NULL,0,0,0,0,NULL),(2632,13,'Scrutineer Name','Pending',NULL,NULL,NULL,NULL,0,0,0,0,NULL),(2633,13,'Scrutineer Licence Number','Pending',NULL,NULL,NULL,NULL,0,0,0,0,NULL),(2634,13,'Date','Pending',NULL,NULL,NULL,NULL,0,0,0,0,NULL),(2635,13,'Time','Pending',NULL,NULL,NULL,NULL,0,0,0,0,NULL),(2636,14,'Bonnet/Engine Cover Secure','Pending',NULL,NULL,NULL,NULL,0,0,0,0,NULL),(2637,14,'Bonnet/Engine Cover Secure','Pending',NULL,NULL,NULL,NULL,0,0,0,0,NULL),(2638,14,'Body Work Secure','Pending',NULL,NULL,NULL,NULL,0,0,0,0,NULL),(2639,14,'Spoilers, Skirts & Flares acceptable','Pending',NULL,NULL,NULL,NULL,0,0,0,0,NULL),(2640,14,'Exhaust System Compliant','Pending',NULL,NULL,NULL,NULL,0,0,0,0,NULL),(2641,14,'Tow Points ','Pending',NULL,NULL,NULL,NULL,0,0,0,0,NULL),(2642,14,'Reverse Gear','Pending',NULL,NULL,NULL,NULL,0,0,0,0,NULL),(2643,14,'Glass Lenses Covered','Pending',NULL,NULL,NULL,NULL,0,0,0,0,NULL),(2644,14,'General Appearance','Pending',NULL,NULL,NULL,NULL,0,0,0,0,NULL),(2645,14,'Brake light, Single Center min, OEM lenses to remain','Pending',NULL,NULL,NULL,NULL,0,0,0,0,NULL),(2646,14,'Tailshaft strap/loop','Pending',NULL,NULL,NULL,NULL,0,0,0,0,NULL),(2647,14,'Wheel/Tyre fitment','Pending',NULL,NULL,NULL,NULL,0,0,0,0,NULL),(2648,14,'Fluid Leaks/Levels','Pending',NULL,NULL,NULL,NULL,0,0,0,0,NULL),(2649,14,'Coolant Catch Tank','Pending',NULL,NULL,NULL,NULL,0,0,0,0,NULL),(2650,14,'Oil Catch Tank - Capacity ','Pending',NULL,NULL,NULL,NULL,0,0,0,0,NULL),(2651,14,'Engine Mounts','Pending',NULL,NULL,NULL,NULL,0,0,0,0,NULL),(2652,14,'Strut Brace','Pending',NULL,NULL,NULL,NULL,0,0,0,0,NULL),(2653,14,'Battery Secure','Pending',NULL,NULL,NULL,NULL,0,0,0,0,NULL),(2654,14,'Throttle Return','Pending',NULL,NULL,NULL,NULL,0,0,0,0,NULL),(2655,14,'Fire Extinguisher (min 1x 900g)','Pending',NULL,NULL,NULL,NULL,0,0,1,0,NULL),(2656,14,'Fire Bomb 2.4l Min','Pending',NULL,NULL,NULL,NULL,0,0,1,0,NULL),(2657,14,'Safety Harness and Mounting (5/6 point with FHR','Pending','None','None',NULL,NULL,1,1,1,0,NULL),(2658,14,'Seat and Mounting 8855-1999 min','Pending','None','None',NULL,NULL,1,1,0,0,NULL),(2659,14,'6 Point ROPS and padding','Pending',NULL,NULL,NULL,'None',0,0,0,1,NULL),(2660,14,'Door Trims Fitted','Pending',NULL,NULL,NULL,NULL,0,0,0,0,NULL),(2661,14,'Additional Equiptment Secured','Pending',NULL,NULL,NULL,NULL,0,0,0,0,NULL),(2662,14,'Camera and equiptment Secured','Pending',NULL,NULL,NULL,NULL,0,0,0,0,NULL),(2663,14,'Battery Isolator Required (INT/EXT)','Pending',NULL,NULL,NULL,NULL,0,0,0,0,NULL),(2664,14,'Rear View Mirror (Min 2) Or Camera','Pending',NULL,NULL,NULL,NULL,0,0,0,0,NULL),(2665,14,'Flame / Liquid Proof Bulkhead','Pending',NULL,NULL,NULL,NULL,0,0,0,0,NULL),(2666,14,'Sealed Hot Liquid Containers','Pending',NULL,NULL,NULL,NULL,0,0,0,0,NULL),(2667,14,'Steering wheel and mounting','Pending',NULL,NULL,NULL,NULL,0,0,0,0,NULL),(2668,14,'Brake Pedal Feel','Pending',NULL,NULL,NULL,NULL,0,0,0,0,NULL),(2669,14,'NOS if fitted','Pending',NULL,NULL,NULL,NULL,0,0,0,0,NULL),(2670,14,'Helmet (Speed event) to suit FHR','Pending','None','None',NULL,NULL,1,1,0,0,NULL),(2671,14,'Footwear FIA 8856-2000','Pending',NULL,NULL,NULL,NULL,0,0,0,0,NULL),(2672,14,'Gloves FIA 8856-2000','Pending',NULL,NULL,NULL,NULL,0,0,0,0,NULL),(2673,14,'Socks FIA 8856-2000','Pending',NULL,NULL,NULL,NULL,0,0,0,0,NULL),(2674,14,'FHR FIA 8858-2002/2010','Pending',NULL,NULL,NULL,NULL,0,0,0,0,NULL),(2675,14,'Overalls FIA 1986 min','Pending',NULL,NULL,NULL,NULL,0,0,0,0,NULL),(2676,14,'Balaclava FIA 8856-2000','Pending',NULL,NULL,NULL,NULL,0,0,0,0,NULL),(2677,14,'Competition Number','Pending',NULL,NULL,NULL,NULL,0,0,0,0,NULL),(2678,14,'Event Signage','Pending',NULL,NULL,NULL,NULL,0,0,0,0,NULL),(2679,14,'Battery/Isolator location if req','Pending',NULL,NULL,NULL,NULL,0,0,0,0,NULL),(2680,14,'Fire bomb activation if fitted','Pending',NULL,NULL,NULL,NULL,0,0,0,0,NULL),(2681,14,'Tow Point Locations','Pending',NULL,NULL,NULL,NULL,0,0,0,0,NULL),(2682,14,'Logbook Signed','Pending',NULL,NULL,NULL,NULL,0,0,0,0,NULL),(2683,14,'Approved to Start','Fail',NULL,NULL,NULL,NULL,0,0,0,0,NULL),(2684,14,'Vehicle Weight','Pending',NULL,NULL,NULL,NULL,0,0,0,0,'6666'),(2685,14,'Scrutineer Name','Pending',NULL,NULL,NULL,NULL,0,0,0,0,NULL),(2686,14,'Scrutineer Licence Number','Pending',NULL,NULL,NULL,NULL,0,0,0,0,NULL),(2687,14,'Date','Pending',NULL,NULL,NULL,NULL,0,0,0,0,'2025-03-27'),(2688,14,'Time','Pending',NULL,NULL,NULL,NULL,0,0,0,0,'00:37:56'),(2689,15,'Bonnet/Engine Cover Secure','Pass',NULL,NULL,NULL,NULL,0,0,0,0,NULL),(2690,15,'Bonnet/Engine Cover Secure','Fail',NULL,NULL,NULL,NULL,0,0,0,0,NULL),(2691,15,'Body Work Secure','NA',NULL,NULL,NULL,NULL,0,0,0,0,NULL),(2692,15,'Spoilers, Skirts & Flares acceptable','Fail',NULL,NULL,NULL,NULL,0,0,0,0,NULL),(2693,15,'Exhaust System Compliant','Pass',NULL,NULL,NULL,NULL,0,0,0,0,NULL),(2694,15,'Tow Points ','Fail',NULL,NULL,NULL,NULL,0,0,0,0,NULL),(2695,15,'Reverse Gear','Pending',NULL,NULL,NULL,NULL,0,0,0,0,NULL),(2696,15,'Glass Lenses Covered','Pending',NULL,NULL,NULL,NULL,0,0,0,0,NULL),(2697,15,'General Appearance','Pending',NULL,NULL,NULL,NULL,0,0,0,0,NULL),(2698,15,'Brake Lights OEM Position','Pending',NULL,NULL,NULL,NULL,0,0,0,0,NULL),(2699,15,'Tailshaft strap/loop','Pending',NULL,NULL,NULL,NULL,0,0,0,0,NULL),(2700,15,'Wheel/Tyre fitment','Pending',NULL,NULL,NULL,NULL,0,0,0,0,NULL),(2701,15,'Fluid Leaks/Levels','Pending',NULL,NULL,NULL,NULL,0,0,0,0,NULL),(2702,15,'Coolant Catch Tank','Pending',NULL,NULL,NULL,NULL,0,0,0,0,NULL),(2703,15,'Oil Catch Tank - Capacity ','Pending',NULL,NULL,NULL,NULL,0,0,0,0,NULL),(2704,15,'Engine Mounts','Pending',NULL,NULL,NULL,NULL,0,0,0,0,NULL),(2705,15,'Strut Brace','Pending',NULL,NULL,NULL,NULL,0,0,0,0,NULL),(2706,15,'Battery Secure','Pending',NULL,NULL,NULL,NULL,0,0,0,0,NULL),(2707,15,'Throttle Return','Pending',NULL,NULL,NULL,NULL,0,0,0,0,NULL),(2708,15,'Fire Extinguisher (min 1x 900g)','Pending',NULL,NULL,NULL,NULL,0,0,1,0,NULL),(2709,15,'Safety Harness and Mounting (5/6 point with FHR','Pending','None','None',NULL,NULL,1,1,1,0,NULL),(2710,15,'Seat and Mounting','Pending',NULL,NULL,NULL,NULL,0,0,0,0,NULL),(2711,15,'1/2 ROPS and padding','Pending',NULL,NULL,NULL,'None',0,0,0,1,NULL),(2712,15,'Windows/Windscreen OEM Laminated','Pending',NULL,NULL,NULL,NULL,0,0,0,0,NULL),(2713,15,'OEM Door Trims Fitted','Pending',NULL,NULL,NULL,NULL,0,0,0,0,NULL),(2714,15,'Additional Equiptment Secured','Pending',NULL,NULL,NULL,NULL,0,0,0,0,NULL),(2715,15,'Camera and equiptment Secured','Pending',NULL,NULL,NULL,NULL,0,0,0,0,NULL),(2716,15,'Battery Isolator (Recommended)','Pending',NULL,NULL,NULL,NULL,0,0,0,0,NULL),(2717,15,'Rear View Mirror (Min 2)','Pending',NULL,NULL,NULL,NULL,0,0,0,0,NULL),(2718,15,'Flame / Liquid Proof Bulkhead','Pending',NULL,NULL,NULL,NULL,0,0,0,0,NULL),(2719,15,'Sealed Hot Liquid Containers','Pending',NULL,NULL,NULL,NULL,0,0,0,0,NULL),(2720,15,'Steering wheel and mounting','Pending',NULL,NULL,NULL,NULL,0,0,0,0,NULL),(2721,15,'Brake Pedal Feel','Pending',NULL,NULL,NULL,NULL,0,0,0,0,NULL),(2722,15,'Helmet (Speed event) to suit FHR','Pending','None','None',NULL,NULL,1,1,0,0,NULL),(2723,15,'Footwear FIA 8856-2000','Pending',NULL,NULL,NULL,NULL,0,0,0,0,NULL),(2724,15,'Gloves FIA 8856-2000','Pending',NULL,NULL,NULL,NULL,0,0,0,0,NULL),(2725,15,'Socks FIA 8856-2000','Pending',NULL,NULL,NULL,NULL,0,0,0,0,NULL),(2726,15,'FHR FIA 8858-2002/2010','Pending',NULL,NULL,NULL,NULL,0,0,0,0,NULL),(2727,15,'Outerwear collars to cuffs','Fail',NULL,NULL,NULL,NULL,0,0,0,0,NULL),(2728,15,'Competition Number','Fail',NULL,NULL,NULL,NULL,0,0,0,0,NULL),(2729,15,'Event Signage','Fail',NULL,NULL,NULL,NULL,0,0,0,0,NULL),(2730,15,'Battery/Isolator location if req','Fail',NULL,NULL,NULL,NULL,0,0,0,0,NULL),(2731,15,'Fire bomb activation if fitted','Fail',NULL,NULL,NULL,NULL,0,0,0,0,NULL),(2732,15,'Tow Point Locations','Fail',NULL,NULL,NULL,NULL,0,0,0,0,NULL),(2733,15,'Logbook Signed','Fail',NULL,NULL,NULL,NULL,0,0,0,0,NULL),(2734,15,'Approved to Start','Pass',NULL,NULL,NULL,NULL,0,0,0,0,NULL),(2735,15,'Vehicle Weight','Pending',NULL,NULL,NULL,NULL,0,0,0,0,'5577'),(2736,15,'Scrutineer Name','Pending',NULL,NULL,NULL,NULL,0,0,0,0,NULL),(2737,15,'Scrutineer Licence Number','Pending',NULL,NULL,NULL,NULL,0,0,0,0,NULL),(2738,15,'Date','Pending',NULL,NULL,NULL,NULL,0,0,0,0,'2025-03-27'),(2739,15,'Time','Pending',NULL,NULL,NULL,NULL,0,0,0,0,'01:39:56');
CREATE TABLE `inspectiondetails` (
  `inspection_detail_id` integer NOT NULL PRIMARY KEY AUTOINCREMENT
,  `inspection_id` integer NOT NULL
,  `checklist_item_id` integer NOT NULL
,  `result` text  NOT NULL
,  `brand` varchar(255) DEFAULT NULL
,  `standard` varchar(255) DEFAULT NULL
,  `expiry_date` date DEFAULT NULL
,  `rops_number` varchar(255) DEFAULT NULL
,  CONSTRAINT `inspectiondetails_ibfk_1` FOREIGN KEY (`inspection_id`) REFERENCES `inspections` (`inspection_id`)
,  CONSTRAINT `inspectiondetails_ibfk_2` FOREIGN KEY (`checklist_item_id`) REFERENCES `checklist_items` (`id`)
);
CREATE TABLE `inspections` (
  `inspection_id` integer NOT NULL PRIMARY KEY AUTOINCREMENT
,  `entry_id` integer NOT NULL
,  `inspector_name` varchar(255) NOT NULL
,  `inspection_date` date NOT NULL
,  `inspection_status` varchar(255) NOT NULL
,  `notes` text
,  CONSTRAINT `inspections_ibfk_1` FOREIGN KEY (`entry_id`) REFERENCES `entries` (`id`)
);
CREATE TABLE `officials` (
  `id` integer NOT NULL PRIMARY KEY AUTOINCREMENT
,  `name` varchar(255) NOT NULL
,  `role` varchar(50) NOT NULL
,  `contact_info` varchar(255) DEFAULT NULL
,  `licence_number` varchar(25) NOT NULL
,  `assigned_event_id` integer DEFAULT NULL
,  CONSTRAINT `officials_assigned_event_id_fkey` FOREIGN KEY (`assigned_event_id`) REFERENCES `events` (`id`)
);
INSERT INTO `officials` VALUES (1,'Scott Black','Scrutineer','0426267716','146554',NULL);
CREATE TABLE `roles` (
  `id` integer  NOT NULL PRIMARY KEY AUTOINCREMENT
,  `role_name` varchar(100) NOT NULL
,  UNIQUE (`id`)
,  UNIQUE (`role_name`)
);
INSERT INTO `roles` VALUES (3,'Admin'),(2,'Race Official'),(1,'Scrutineer'),(4,'Volunteer');
CREATE INDEX "idx_inspection_items_inspection_items_ibfk_1" ON "inspection_items" (`checklist_id`);
CREATE INDEX "idx_inspections_entry_id" ON "inspections" (`entry_id`);
CREATE INDEX "idx_inspection_checklists_entry_id" ON "inspection_checklists" (`entry_id`);
CREATE INDEX "idx_entries_event_id" ON "entries" (`event_id`);
CREATE INDEX "idx_officials_officials_assigned_event_id_fkey" ON "officials" (`assigned_event_id`);
CREATE INDEX "idx_inspectiondetails_inspection_id" ON "inspectiondetails" (`inspection_id`);
CREATE INDEX "idx_inspectiondetails_checklist_item_id" ON "inspectiondetails" (`checklist_item_id`);
END TRANSACTION;
